user_id,assessed_at,phq9_total,gad7_total,isi_total,medication_flag,therapy_flag
U000001,2025-06-27T09:15:00,13,8,0,1,0
U000002,2025-06-14T18:17:00,13,9,8,0,0
U000003,2025-07-23T14:38:00,22,8,13,0,0
U000004,2025-06-14T19:11:00,6,16,10,0,0
U000005,2025-06-17T09:55:00,9,12,17,0,0
U000006,2025-07-29T20:17:00,12,12,20,0,1
U000007,2025-07-10T20:47:00,5,12,11,0,1
U000008,2025-06-03T08:18:00,4,8,15,0,0
U000009,2025-06-07T10:18:00,19,4,8,1,0
U000010,2025-08-26T20:19:00,7,21,10,0,0
U000011,2025-08-02T08:54:00,14,16,17,0,0
U000012,2025-06-06T17:28:00,12,0,7,0,0
U000013,2025-08-08T17:23:00,12,16,14,0,0
U000014,2025-08-25T14:23:00,16,18,21,0,0
U000015,2025-08-16T18:19:00,13,9,24,0,0
U000016,2025-07-05T21:11:00,18,6,15,0,0
U000017,2025-07-11T16:35:00,14,17,22,0,0
U000018,2025-07-14T10:36:00,19,4,5,1,0
U000019,2025-06-20T13:01:00,12,15,17,0,0
U000020,2025-07-15T20:29:00,6,21,12,0,0
U000021,2025-06-21T18:21:00,16,13,11,0,0
U000022,2025-08-16T12:45:00,21,10,11,1,0
U000023,2025-07-08T12:05:00,13,8,0,0,0
U000024,2025-07-01T11:12:00,10,16,0,0,0
U000025,2025-07-22T20:00:00,14,4,12,0,0
U000026,2025-08-06T20:59:00,14,13,14,1,0
U000027,2025-07-05T11:14:00,11,9,15,0,0
U000028,2025-07-23T20:11:00,19,16,22,0,0
U000029,2025-08-16T11:59:00,18,13,14,0,0
U000030,2025-08-15T13:19:00,10,14,8,0,1
U000031,2025-06-04T12:16:00,6,7,5,0,0
U000032,2025-07-25T14:37:00,17,17,15,0,1
U000033,2025-07-28T19:01:00,8,12,14,1,0
U000034,2025-07-16T11:49:00,5,13,2,0,0
U000035,2025-08-15T08:26:00,15,14,23,0,0
U000036,2025-08-03T16:58:00,4,4,19,1,0
U000037,2025-06-09T21:41:00,9,10,21,1,0
U000038,2025-06-21T17:04:00,6,9,16,0,1
U000039,2025-08-08T15:06:00,10,8,22,0,0
U000040,2025-06-16T21:35:00,21,10,26,0,0
U000041,2025-08-08T19:06:00,14,10,16,0,1
U000042,2025-06-29T17:22:00,13,12,6,0,0
U000043,2025-06-01T17:39:00,9,14,13,0,0
U000044,2025-06-02T19:49:00,19,17,16,0,1
U000045,2025-07-29T17:38:00,8,8,9,0,0
U000046,2025-08-07T18:57:00,10,9,16,0,0
U000047,2025-08-01T21:26:00,0,16,4,0,0
U000048,2025-08-21T12:14:00,13,9,6,0,0
U000049,2025-07-02T17:59:00,14,21,8,0,0
U000050,2025-08-05T15:25:00,13,17,16,0,0
U000051,2025-07-04T21:08:00,15,17,18,0,0
U000052,2025-06-27T11:00:00,13,16,11,0,0
U000053,2025-08-19T11:30:00,16,13,18,1,0
U000054,2025-06-20T19:42:00,18,3,11,0,0
U000055,2025-07-15T09:03:00,1,8,18,0,0
U000056,2025-08-07T16:49:00,13,2,5,0,1
U000057,2025-06-04T10:44:00,10,6,15,1,0
U000058,2025-07-04T12:54:00,13,3,10,0,0
U000059,2025-08-27T18:40:00,7,1,13,0,0
U000060,2025-06-28T11:14:00,10,16,8,0,0
U000061,2025-07-11T20:22:00,9,17,21,0,1
U000062,2025-08-26T08:59:00,9,11,15,0,0
U000063,2025-07-29T09:01:00,2,11,7,0,0
U000064,2025-06-15T18:13:00,17,0,16,1,0
U000065,2025-08-31T08:57:00,14,18,20,0,0
U000066,2025-08-08T11:07:00,15,10,20,0,0
U000067,2025-06-27T16:32:00,16,12,17,0,0
U000068,2025-06-13T16:23:00,12,6,12,0,0
U000069,2025-08-30T08:37:00,27,9,6,1,0
U000070,2025-08-31T11:52:00,11,18,12,0,0
U000071,2025-08-26T13:03:00,22,6,22,1,0
U000072,2025-06-27T08:58:00,13,5,10,0,0
U000073,2025-07-01T14:30:00,15,12,14,0,0
U000074,2025-07-17T20:26:00,10,8,8,1,0
U000075,2025-07-15T19:14:00,10,6,14,0,0
U000076,2025-06-19T18:55:00,25,17,20,0,0
U000077,2025-09-01T20:36:00,11,12,14,0,0
U000078,2025-07-19T10:34:00,0,18,9,0,0
U000079,2025-07-18T08:13:00,18,9,4,0,0
U000080,2025-07-15T08:16:00,6,13,11,1,0
U000081,2025-07-27T19:59:00,13,18,18,0,1
U000082,2025-07-16T21:45:00,0,14,19,0,0
U000083,2025-07-24T12:08:00,19,16,14,0,0
U000084,2025-07-29T08:56:00,11,10,10,0,0
U000085,2025-07-07T21:23:00,13,6,11,0,0
U000086,2025-06-05T15:47:00,12,6,12,0,0
U000087,2025-08-20T08:45:00,14,16,14,0,1
U000088,2025-09-01T11:50:00,5,17,3,0,0
U000089,2025-08-29T15:20:00,8,16,13,0,0
U000090,2025-07-04T17:25:00,13,13,21,0,0
U000091,2025-06-04T16:30:00,9,12,14,0,0
U000092,2025-06-13T08:47:00,12,9,12,1,1
U000093,2025-06-28T19:32:00,9,10,13,0,0
U000094,2025-07-20T09:47:00,4,6,10,0,0
U000095,2025-06-22T12:12:00,13,14,10,0,0
U000096,2025-06-02T21:24:00,8,5,1,1,1
U000097,2025-07-31T08:46:00,9,16,17,0,0
U000098,2025-09-01T19:23:00,14,0,9,0,0
U000099,2025-06-23T09:10:00,8,8,23,0,0
U000100,2025-06-21T12:07:00,12,16,10,0,1
U000101,2025-07-01T10:10:00,18,7,11,1,0
U000102,2025-06-22T17:27:00,20,5,11,0,1
U000103,2025-08-13T10:33:00,7,12,19,1,0
U000104,2025-07-11T10:30:00,8,18,15,1,0
U000105,2025-08-01T09:49:00,11,13,15,0,0
U000106,2025-06-15T08:25:00,17,11,13,0,0
U000107,2025-08-17T20:52:00,5,16,18,0,1
U000108,2025-07-09T12:01:00,10,17,18,0,0
U000109,2025-08-07T11:19:00,10,11,19,0,0
U000110,2025-08-20T16:23:00,1,15,12,0,1
U000111,2025-08-19T17:40:00,9,13,22,1,0
U000112,2025-08-18T11:00:00,17,21,17,0,0
U000113,2025-07-04T21:13:00,8,16,15,0,0
U000114,2025-08-26T12:28:00,3,12,9,0,0
U000115,2025-07-03T18:23:00,5,19,17,0,0
U000116,2025-08-12T16:57:00,19,15,9,0,0
U000117,2025-08-30T13:07:00,15,11,7,0,1
U000118,2025-07-06T16:37:00,25,15,10,0,0
U000119,2025-08-18T09:11:00,13,16,17,0,0
U000120,2025-08-25T13:43:00,9,10,11,0,0
U000121,2025-08-17T12:37:00,10,11,3,0,0
U000122,2025-07-12T16:27:00,22,10,14,0,0
U000123,2025-06-09T20:35:00,9,12,0,0,1
U000124,2025-07-04T09:05:00,16,12,12,0,1
U000125,2025-08-01T16:49:00,20,15,19,0,0
U000126,2025-09-01T11:25:00,18,12,17,0,0
U000127,2025-06-18T08:04:00,3,16,1,0,0
U000128,2025-08-30T21:28:00,13,9,20,0,0
U000129,2025-06-17T15:12:00,10,13,14,0,1
U000130,2025-07-07T17:08:00,16,6,15,0,0
U000131,2025-06-17T18:04:00,11,10,15,0,1
U000132,2025-08-15T13:51:00,2,14,15,1,1
U000133,2025-08-13T18:31:00,10,20,10,0,1
U000134,2025-06-06T13:59:00,14,19,10,0,0
U000135,2025-08-19T15:01:00,15,16,6,0,0
U000136,2025-07-27T14:40:00,21,13,17,0,0
U000137,2025-07-11T16:41:00,4,9,10,0,0
U000138,2025-07-21T08:12:00,10,12,15,0,0
U000139,2025-06-23T10:31:00,12,9,14,0,0
U000140,2025-06-14T21:27:00,14,9,18,1,0
U000141,2025-06-12T17:21:00,18,2,18,0,0
U000142,2025-07-18T18:24:00,6,11,8,0,1
U000143,2025-06-07T20:03:00,17,18,19,0,0
U000144,2025-07-17T13:00:00,8,2,22,0,0
U000145,2025-08-05T19:51:00,10,21,6,0,0
U000146,2025-07-03T18:06:00,9,9,11,0,0
U000147,2025-08-15T12:25:00,20,11,14,0,0
U000148,2025-07-11T08:08:00,16,11,13,0,0
U000149,2025-08-31T14:33:00,11,6,20,0,0
U000150,2025-07-26T09:21:00,10,13,20,0,0
U000151,2025-06-27T14:34:00,14,5,9,0,0
U000152,2025-07-03T09:15:00,13,10,12,1,0
U000153,2025-08-28T17:36:00,18,14,22,1,0
U000154,2025-06-25T10:33:00,14,0,20,0,0
U000155,2025-07-12T12:26:00,4,12,8,0,0
U000156,2025-07-03T10:53:00,3,9,7,0,0
U000157,2025-08-16T20:10:00,16,18,20,0,0
U000158,2025-07-15T12:20:00,6,9,26,0,0
U000159,2025-07-14T18:09:00,4,16,9,0,0
U000160,2025-08-05T10:18:00,14,18,6,0,0
U000161,2025-08-30T11:48:00,12,10,19,0,0
U000162,2025-08-11T20:30:00,14,11,1,1,0
U000163,2025-07-24T13:08:00,20,8,4,0,1
U000164,2025-07-20T08:09:00,14,15,16,0,0
U000165,2025-07-05T09:49:00,6,7,9,1,1
U000166,2025-08-13T20:47:00,14,6,21,0,0
U000167,2025-06-03T12:00:00,27,13,7,0,0
U000168,2025-07-02T08:53:00,15,11,11,0,0
U000169,2025-06-23T21:17:00,16,16,19,0,0
U000170,2025-07-23T14:29:00,6,14,17,0,0
U000171,2025-06-15T13:20:00,23,21,20,0,0
U000172,2025-06-28T13:47:00,6,9,10,0,0
U000173,2025-07-18T16:29:00,15,14,16,0,0
U000174,2025-07-01T16:34:00,6,1,12,0,0
U000175,2025-06-19T15:09:00,14,21,15,0,0
U000176,2025-06-14T08:15:00,25,12,13,0,0
U000177,2025-07-15T10:34:00,10,16,16,0,1
U000178,2025-07-21T18:20:00,14,12,7,0,0
U000179,2025-06-29T15:40:00,11,14,11,0,0
U000180,2025-06-04T14:00:00,8,19,15,0,0
U000181,2025-06-19T18:19:00,17,12,17,0,0
U000182,2025-07-06T19:19:00,19,13,6,0,0
U000183,2025-08-13T15:03:00,13,14,26,0,0
U000184,2025-06-25T11:11:00,9,0,6,0,0
U000185,2025-06-03T08:56:00,13,11,10,0,1
U000186,2025-08-28T08:47:00,11,17,13,0,0
U000187,2025-08-06T19:44:00,5,19,12,0,0
U000188,2025-06-10T09:31:00,13,11,14,0,0
U000189,2025-08-13T17:44:00,21,17,17,0,0
U000190,2025-08-29T08:39:00,12,18,10,0,0
U000191,2025-07-06T10:31:00,6,18,16,0,0
U000192,2025-06-27T14:38:00,16,9,16,0,1
U000193,2025-06-09T10:25:00,17,4,12,0,0
U000194,2025-07-09T11:59:00,6,10,13,0,1
U000195,2025-06-09T14:57:00,15,8,18,0,0
U000196,2025-08-30T13:41:00,13,11,13,0,0
U000197,2025-08-29T10:17:00,4,15,12,0,0
U000198,2025-08-11T15:03:00,19,12,17,0,0
U000199,2025-06-17T18:11:00,5,16,17,0,0
U000200,2025-08-29T16:05:00,9,15,13,0,1
U000201,2025-07-30T14:20:00,20,17,19,0,0
U000202,2025-06-18T14:03:00,8,0,6,0,0
U000203,2025-07-18T17:21:00,16,17,22,0,1
U000204,2025-07-01T11:21:00,13,15,12,0,0
U000205,2025-07-21T10:08:00,11,20,16,0,0
U000206,2025-08-07T14:16:00,18,20,19,0,0
U000207,2025-08-09T15:34:00,17,6,8,0,0
U000208,2025-07-04T20:31:00,7,16,2,0,0
U000209,2025-07-06T10:51:00,8,7,24,0,0
U000210,2025-06-16T08:51:00,24,17,19,0,0
U000211,2025-08-09T20:54:00,2,4,15,0,0
U000212,2025-07-08T11:29:00,9,17,15,0,0
U000213,2025-06-10T09:23:00,13,10,15,0,0
U000214,2025-07-30T13:44:00,17,11,22,0,0
U000215,2025-06-30T17:26:00,8,21,18,0,0
U000216,2025-08-15T18:32:00,15,10,15,0,0
U000217,2025-06-04T12:22:00,15,12,7,0,0
U000218,2025-07-29T09:15:00,11,14,7,0,0
U000219,2025-07-09T14:19:00,17,13,13,1,0
U000220,2025-08-25T17:14:00,10,16,3,0,0
U000221,2025-06-13T19:17:00,9,7,14,0,0
U000222,2025-08-19T13:52:00,5,17,0,0,1
U000223,2025-08-05T20:02:00,14,15,10,0,0
U000224,2025-06-06T20:20:00,3,9,7,0,0
U000225,2025-07-28T18:19:00,15,16,15,0,1
U000226,2025-07-21T09:54:00,17,12,8,0,0
U000227,2025-08-06T08:51:00,8,21,14,0,0
U000228,2025-06-17T17:13:00,5,21,13,0,0
U000229,2025-06-10T17:33:00,11,8,13,0,0
U000230,2025-06-25T19:54:00,8,15,17,0,0
U000231,2025-07-05T13:17:00,15,6,17,0,0
U000232,2025-06-28T13:10:00,6,14,10,1,0
U000233,2025-06-27T21:02:00,9,16,11,0,0
U000234,2025-06-30T10:16:00,9,18,8,0,0
U000235,2025-06-26T14:22:00,6,13,6,0,1
U000236,2025-07-19T11:42:00,15,11,9,0,0
U000237,2025-07-26T15:14:00,20,0,17,0,0
U000238,2025-08-02T15:52:00,10,10,23,0,1
U000239,2025-07-22T15:40:00,19,11,15,0,0
U000240,2025-07-26T08:54:00,9,17,8,0,0
U000241,2025-06-23T10:11:00,17,5,16,0,0
U000242,2025-08-21T14:07:00,12,9,8,0,0
U000243,2025-07-20T14:11:00,11,8,9,1,0
U000244,2025-07-13T14:43:00,10,7,12,0,0
U000245,2025-06-04T17:06:00,8,21,4,0,0
U000246,2025-07-31T11:33:00,12,10,13,0,0
U000247,2025-07-27T20:52:00,5,8,21,0,0
U000248,2025-06-15T08:09:00,12,18,27,0,0
U000249,2025-08-20T10:16:00,6,10,14,1,0
U000250,2025-07-05T17:33:00,9,19,10,0,0
U000251,2025-06-07T16:39:00,3,2,14,0,0
U000252,2025-06-09T18:56:00,12,7,18,0,0
U000253,2025-08-31T19:02:00,25,7,17,0,0
U000254,2025-07-14T09:35:00,10,13,8,0,0
U000255,2025-06-28T09:02:00,10,13,19,1,0
U000256,2025-06-11T08:15:00,7,14,17,0,0
U000257,2025-07-04T10:44:00,22,11,13,1,0
U000258,2025-07-15T14:10:00,8,17,1,0,0
U000259,2025-06-10T09:49:00,17,19,19,0,0
U000260,2025-07-18T11:20:00,2,12,10,0,0
U000261,2025-07-13T11:28:00,16,9,7,0,1
U000262,2025-06-17T08:50:00,21,2,20,0,1
U000263,2025-06-25T15:08:00,9,8,4,0,0
U000264,2025-07-28T15:27:00,27,4,10,0,0
U000265,2025-06-17T21:46:00,13,11,20,0,0
U000266,2025-06-10T13:09:00,21,10,9,1,0
U000267,2025-06-27T14:20:00,10,5,10,0,0
U000268,2025-07-06T10:52:00,3,8,15,0,0
U000269,2025-08-25T16:12:00,22,20,18,0,0
U000270,2025-06-29T20:58:00,7,17,7,1,1
U000271,2025-06-05T20:32:00,14,8,10,0,1
U000272,2025-06-12T09:46:00,13,15,9,0,0
U000273,2025-07-01T08:34:00,9,0,12,0,0
U000274,2025-08-05T11:13:00,10,17,8,0,0
U000275,2025-08-14T19:40:00,12,6,11,0,0
U000276,2025-07-08T18:39:00,0,16,20,0,0
U000277,2025-06-24T15:04:00,16,10,8,1,0
U000278,2025-07-30T12:31:00,14,7,13,0,0
U000279,2025-06-19T13:22:00,15,0,8,0,0
U000280,2025-07-12T10:02:00,17,13,12,0,0
U000281,2025-08-29T16:50:00,4,8,9,0,0
U000282,2025-08-29T15:24:00,11,6,11,1,0
U000283,2025-07-23T20:47:00,9,15,13,0,0
U000284,2025-08-22T19:52:00,20,21,18,0,0
U000285,2025-06-26T08:59:00,5,16,15,0,1
U000286,2025-06-19T16:17:00,11,6,16,0,0
U000287,2025-07-22T20:20:00,14,9,15,1,0
U000288,2025-07-25T10:15:00,9,13,20,0,0
U000289,2025-08-26T11:22:00,13,12,13,0,0
U000290,2025-07-01T15:12:00,11,9,10,0,0
U000291,2025-06-22T10:47:00,19,13,21,0,0
U000292,2025-06-10T18:25:00,7,19,15,0,1
U000293,2025-07-04T11:50:00,15,2,13,0,0
U000294,2025-08-21T12:10:00,11,11,16,0,0
U000295,2025-07-10T10:31:00,15,9,4,1,0
U000296,2025-06-09T19:16:00,9,13,9,0,0
U000297,2025-06-13T17:11:00,14,21,15,0,0
U000298,2025-07-30T13:57:00,7,16,7,0,0
U000299,2025-06-12T08:40:00,13,13,10,0,0
U000300,2025-07-26T21:19:00,10,16,13,0,0
U000301,2025-07-12T10:37:00,9,9,28,0,0
U000302,2025-08-30T21:00:00,17,9,7,0,0
U000303,2025-07-20T19:25:00,1,9,8,1,0
U000304,2025-06-16T09:46:00,23,16,20,0,0
U000305,2025-07-09T13:38:00,13,7,13,0,0
U000306,2025-06-10T12:42:00,11,9,11,0,0
U000307,2025-07-24T20:13:00,20,14,22,1,1
U000308,2025-06-21T10:07:00,7,7,20,0,0
U000309,2025-07-22T15:49:00,7,17,15,0,0
U000310,2025-07-24T19:12:00,16,16,18,0,0
U000311,2025-07-22T10:33:00,17,17,18,0,0
U000312,2025-08-15T17:10:00,18,11,8,0,0
U000313,2025-06-13T19:48:00,15,14,14,0,0
U000314,2025-08-30T10:23:00,16,14,15,0,0
U000315,2025-08-25T14:12:00,13,7,8,0,0
U000316,2025-07-29T12:34:00,17,15,15,0,0
U000317,2025-08-29T19:56:00,21,18,25,0,1
U000318,2025-07-13T09:44:00,9,13,9,0,0
U000319,2025-08-29T09:34:00,14,14,19,0,0
U000320,2025-06-09T14:25:00,10,13,9,0,1
U000321,2025-08-23T18:16:00,11,5,13,0,0
U000322,2025-08-25T14:22:00,7,13,9,0,0
U000323,2025-08-25T15:00:00,26,4,16,0,0
U000324,2025-06-26T13:58:00,19,1,0,0,0
U000325,2025-08-16T19:58:00,8,11,4,0,0
U000326,2025-07-02T15:22:00,11,9,20,0,0
U000327,2025-08-27T15:53:00,11,15,21,0,0
U000328,2025-08-12T14:33:00,15,18,8,0,0
U000329,2025-08-27T21:49:00,5,12,13,0,1
U000330,2025-08-06T15:30:00,3,14,17,1,0
U000331,2025-07-09T20:08:00,12,13,23,0,0
U000332,2025-06-07T12:51:00,15,17,16,0,0
U000333,2025-07-26T13:58:00,2,15,20,0,1
U000334,2025-07-18T20:15:00,10,6,9,0,0
U000335,2025-07-18T15:39:00,13,8,11,0,0
U000336,2025-06-11T08:10:00,11,15,15,0,0
U000337,2025-08-26T17:12:00,11,11,19,0,1
U000338,2025-08-08T18:00:00,7,13,15,0,1
U000339,2025-06-04T16:22:00,11,11,19,0,0
U000340,2025-06-13T13:00:00,9,2,19,0,0
U000341,2025-06-02T10:27:00,9,7,7,0,0
U000342,2025-06-12T10:20:00,8,10,13,0,0
U000343,2025-07-09T19:23:00,8,16,17,0,0
U000344,2025-07-07T11:50:00,7,13,9,0,0
U000345,2025-08-21T14:12:00,20,12,17,1,0
U000346,2025-06-16T08:11:00,20,8,8,1,0
U000347,2025-08-22T19:27:00,8,11,17,0,0
U000348,2025-07-23T17:29:00,11,19,12,0,0
U000349,2025-07-19T12:37:00,9,10,11,0,0
U000350,2025-08-14T12:53:00,19,17,21,0,0
U000351,2025-07-17T20:09:00,6,14,16,0,0
U000352,2025-06-02T19:55:00,9,16,7,0,0
U000353,2025-08-10T19:20:00,15,3,9,0,0
U000354,2025-07-06T21:28:00,9,14,20,0,0
U000355,2025-06-05T13:15:00,8,17,15,0,1
U000356,2025-06-01T09:22:00,14,21,5,0,0
U000357,2025-07-24T13:25:00,12,8,13,0,0
U000358,2025-06-01T10:53:00,11,8,17,0,0
U000359,2025-06-19T12:09:00,6,13,14,0,0
U000360,2025-07-09T12:53:00,11,8,14,0,0
U000361,2025-06-23T09:01:00,10,8,5,0,0
U000362,2025-07-06T11:48:00,21,15,21,1,0
U000363,2025-08-28T15:58:00,3,10,12,0,1
U000364,2025-06-13T21:55:00,13,9,17,1,0
U000365,2025-08-06T20:37:00,11,15,16,0,0
U000366,2025-07-29T14:46:00,11,14,9,0,1
U000367,2025-06-13T21:02:00,22,15,18,0,0
U000368,2025-08-14T19:02:00,8,7,9,0,0
U000369,2025-08-09T17:23:00,17,15,0,1,0
U000370,2025-07-31T15:22:00,12,11,18,0,0
U000371,2025-06-30T15:10:00,20,13,19,0,0
U000372,2025-06-04T15:07:00,23,14,20,0,0
U000373,2025-08-08T15:35:00,8,0,5,0,0
U000374,2025-06-14T08:25:00,0,19,9,0,0
U000375,2025-06-25T14:31:00,7,12,10,0,0
U000376,2025-07-18T16:02:00,12,6,9,0,0
U000377,2025-08-29T19:58:00,0,16,11,0,0
U000378,2025-08-22T20:38:00,10,11,16,0,1
U000379,2025-08-20T11:28:00,3,17,20,0,0
U000380,2025-07-17T19:01:00,16,15,21,0,0
U000381,2025-07-06T08:52:00,4,12,13,1,0
U000382,2025-07-07T15:10:00,16,18,18,0,0
U000383,2025-07-15T11:58:00,9,4,3,0,0
U000384,2025-08-26T11:18:00,9,11,16,0,0
U000385,2025-08-11T15:26:00,20,10,14,0,0
U000386,2025-06-02T12:25:00,13,16,20,0,0
U000387,2025-06-12T16:47:00,16,17,21,1,1
U000388,2025-07-19T12:32:00,4,17,12,0,0
U000389,2025-07-28T19:28:00,5,13,17,0,0
U000390,2025-06-24T12:32:00,13,15,15,1,1
U000391,2025-07-29T08:33:00,13,14,16,0,0
U000392,2025-08-04T19:40:00,9,7,10,0,0
U000393,2025-06-05T14:17:00,18,13,15,0,0
U000394,2025-07-30T21:23:00,9,11,1,0,0
U000395,2025-06-26T09:49:00,10,10,5,0,0
U000396,2025-06-10T21:10:00,13,6,12,0,1
U000397,2025-08-11T09:35:00,6,17,14,0,0
U000398,2025-07-09T17:10:00,13,13,3,1,0
U000399,2025-06-25T17:22:00,8,20,13,0,0
U000400,2025-08-01T15:15:00,12,16,13,0,1
U000401,2025-07-26T14:12:00,14,12,10,0,0
U000402,2025-06-02T21:04:00,16,11,11,0,0
U000403,2025-07-07T17:16:00,13,11,18,0,1
U000404,2025-08-26T11:55:00,14,6,17,0,0
U000405,2025-08-27T10:00:00,1,16,11,0,0
U000406,2025-07-25T15:14:00,18,15,28,1,1
U000407,2025-08-07T10:12:00,9,15,3,0,0
U000408,2025-07-27T21:40:00,21,21,18,0,1
U000409,2025-07-17T12:57:00,5,14,18,0,0
U000410,2025-07-12T13:11:00,15,15,16,0,0
U000411,2025-06-10T08:11:00,7,11,14,0,1
U000412,2025-07-04T16:24:00,4,10,17,1,0
U000413,2025-07-21T19:04:00,8,11,9,1,1
U000414,2025-07-21T08:23:00,5,8,19,0,0
U000415,2025-06-03T17:23:00,3,9,20,0,0
U000416,2025-08-04T16:22:00,13,10,5,0,1
U000417,2025-07-11T17:15:00,22,4,11,0,0
U000418,2025-06-15T19:26:00,19,12,26,0,0
U000419,2025-08-15T13:42:00,3,12,14,0,0
U000420,2025-08-16T10:13:00,8,8,14,0,0
U000421,2025-06-01T12:31:00,20,16,20,0,0
U000422,2025-07-16T19:45:00,8,11,9,0,1
U000423,2025-06-06T13:03:00,6,12,17,0,0
U000424,2025-07-22T16:24:00,10,8,15,0,0
U000425,2025-07-07T10:15:00,5,16,11,0,0
U000426,2025-08-08T13:50:00,7,18,12,0,0
U000427,2025-06-18T12:47:00,10,15,21,0,0
U000428,2025-08-21T15:10:00,11,9,12,0,0
U000429,2025-06-24T15:57:00,22,15,16,1,0
U000430,2025-08-31T14:43:00,4,10,12,0,0
U000431,2025-08-28T17:13:00,13,9,8,0,1
U000432,2025-06-20T10:58:00,16,11,20,0,0
U000433,2025-08-22T08:52:00,5,8,15,0,0
U000434,2025-08-28T20:00:00,19,18,22,0,1
U000435,2025-08-09T21:24:00,7,12,11,1,0
U000436,2025-08-29T15:12:00,10,3,16,0,0
U000437,2025-08-11T19:28:00,18,3,7,0,0
U000438,2025-08-23T13:37:00,13,6,9,1,0
U000439,2025-06-26T16:46:00,25,18,15,0,0
U000440,2025-07-17T21:21:00,25,10,12,1,0
U000441,2025-07-25T13:34:00,8,11,12,0,0
U000442,2025-08-03T18:11:00,9,4,17,0,0
U000443,2025-07-25T14:18:00,6,11,11,0,0
U000444,2025-08-03T16:44:00,10,20,17,0,0
U000445,2025-06-24T10:21:00,9,11,24,1,0
U000446,2025-07-29T17:45:00,24,14,14,0,1
U000447,2025-08-19T16:42:00,12,8,21,0,0
U000448,2025-07-24T21:50:00,3,11,12,0,0
U000449,2025-07-30T11:47:00,0,10,15,0,0
U000450,2025-06-22T15:28:00,16,18,11,0,0
U000451,2025-07-24T18:36:00,16,16,7,0,0
U000452,2025-07-20T18:12:00,6,20,12,0,0
U000453,2025-07-23T20:41:00,20,16,3,0,0
U000454,2025-08-01T13:02:00,0,16,7,1,1
U000455,2025-07-13T17:24:00,5,11,10,0,0
U000456,2025-07-20T17:16:00,10,3,13,0,0
U000457,2025-07-30T21:22:00,14,10,14,0,0
U000458,2025-07-04T12:07:00,2,13,27,0,0
U000459,2025-08-08T09:40:00,20,17,14,0,0
U000460,2025-06-08T09:28:00,14,9,9,0,0
U000461,2025-07-23T14:43:00,12,12,6,0,0
U000462,2025-06-02T11:20:00,13,3,14,0,0
U000463,2025-07-29T18:01:00,13,15,19,0,0
U000464,2025-07-14T09:17:00,7,9,15,0,0
U000465,2025-08-14T19:37:00,21,7,9,0,0
U000466,2025-06-11T20:33:00,22,15,17,1,0
U000467,2025-07-18T20:39:00,24,14,20,0,1
U000468,2025-07-19T20:12:00,7,18,8,0,0
U000469,2025-08-17T21:17:00,12,15,23,0,0
U000470,2025-07-14T11:46:00,8,14,20,0,0
U000471,2025-07-22T19:10:00,9,14,14,0,0
U000472,2025-07-06T13:19:00,14,9,12,0,0
U000473,2025-06-28T10:11:00,10,7,9,0,0
U000474,2025-07-22T19:27:00,9,21,3,0,0
U000475,2025-06-27T08:12:00,19,3,4,0,0
U000476,2025-08-10T10:22:00,10,4,8,1,0
U000477,2025-06-19T14:50:00,7,9,11,0,0
U000478,2025-07-27T09:53:00,16,9,14,1,1
U000479,2025-07-16T16:05:00,6,5,9,0,1
U000480,2025-08-20T11:19:00,16,16,6,0,0
U000481,2025-08-28T20:42:00,5,11,16,0,0
U000482,2025-07-28T19:35:00,11,5,16,0,0
U000483,2025-08-06T10:28:00,20,12,17,1,0
U000484,2025-07-05T18:14:00,6,12,7,0,0
U000485,2025-06-17T09:21:00,7,16,21,0,0
U000486,2025-07-07T15:10:00,5,19,9,0,0
U000487,2025-08-17T16:36:00,17,10,20,0,0
U000488,2025-06-13T10:31:00,13,8,16,0,0
U000489,2025-07-14T16:30:00,11,12,5,0,0
U000490,2025-08-14T18:29:00,5,10,5,0,0
U000491,2025-06-02T09:01:00,18,13,19,0,1
U000492,2025-06-28T20:26:00,9,8,23,1,0
U000493,2025-08-24T16:27:00,15,20,16,1,0
U000494,2025-08-18T13:24:00,10,9,16,0,0
U000495,2025-08-19T09:27:00,18,12,20,0,0
U000496,2025-06-20T10:56:00,12,19,12,0,1
U000497,2025-08-19T16:11:00,21,13,18,0,0
U000498,2025-08-19T15:35:00,11,13,11,0,0
U000499,2025-07-08T10:41:00,7,11,14,0,0
U000500,2025-07-12T14:05:00,8,13,25,0,0
U000501,2025-06-27T08:36:00,8,5,5,1,0
U000502,2025-06-19T14:05:00,0,6,17,0,0
U000503,2025-06-30T15:16:00,5,15,19,0,0
U000504,2025-08-02T10:29:00,10,0,2,0,0
U000505,2025-07-28T12:21:00,13,13,6,0,0
U000506,2025-06-10T12:39:00,20,8,19,0,0
U000507,2025-08-31T21:09:00,15,12,16,0,0
U000508,2025-06-20T20:06:00,13,18,0,1,1
U000509,2025-06-28T12:48:00,7,10,17,0,0
U000510,2025-07-25T14:47:00,13,11,0,0,0
U000511,2025-07-28T13:16:00,18,15,17,0,0
U000512,2025-06-28T09:42:00,17,12,6,0,0
U000513,2025-06-08T13:40:00,11,13,28,0,0
U000514,2025-07-19T11:24:00,14,16,18,0,0
U000515,2025-07-26T16:05:00,5,21,13,0,0
U000516,2025-08-04T18:27:00,16,12,19,0,0
U000517,2025-08-05T20:14:00,4,12,12,0,0
U000518,2025-06-27T17:56:00,10,7,7,0,0
U000519,2025-08-07T17:32:00,5,5,3,0,0
U000520,2025-07-25T13:58:00,17,6,3,0,1
U000521,2025-08-26T13:43:00,19,17,21,0,1
U000522,2025-08-12T16:21:00,19,6,9,0,0
U000523,2025-08-18T21:47:00,8,15,9,0,0
U000524,2025-07-30T08:07:00,6,10,7,0,0
U000525,2025-06-26T10:07:00,7,6,8,0,0
U000526,2025-08-30T15:52:00,8,7,17,0,0
U000527,2025-06-28T19:15:00,12,16,19,1,0
U000528,2025-07-17T12:08:00,16,1,6,0,0
U000529,2025-08-09T12:54:00,10,9,22,0,0
U000530,2025-07-29T15:27:00,9,4,11,1,0
U000531,2025-08-08T08:13:00,8,8,5,0,0
U000532,2025-06-04T18:52:00,8,10,2,0,0
U000533,2025-08-26T20:08:00,5,21,12,0,0
U000534,2025-08-16T18:57:00,7,5,17,0,0
U000535,2025-07-07T16:14:00,0,19,23,0,0
U000536,2025-08-08T15:29:00,9,13,3,0,0
U000537,2025-07-14T17:42:00,21,11,15,0,0
U000538,2025-07-10T12:46:00,16,13,15,0,0
U000539,2025-06-04T20:08:00,0,8,9,0,0
U000540,2025-08-13T08:01:00,9,6,11,0,0
U000541,2025-07-29T09:18:00,5,19,16,0,1
U000542,2025-07-21T10:02:00,16,10,20,0,0
U000543,2025-08-23T13:01:00,8,5,12,1,0
U000544,2025-07-07T10:54:00,13,10,18,0,0
U000545,2025-07-21T15:08:00,12,10,11,0,0
U000546,2025-07-26T13:11:00,16,12,22,1,0
U000547,2025-07-06T09:05:00,3,11,8,0,0
U000548,2025-06-21T11:07:00,11,12,20,0,0
U000549,2025-06-04T15:57:00,10,14,11,0,0
U000550,2025-08-30T08:01:00,7,15,8,0,0
U000551,2025-07-12T17:32:00,4,19,12,0,0
U000552,2025-07-10T12:46:00,14,14,18,0,0
U000553,2025-06-22T13:31:00,7,15,7,0,0
U000554,2025-08-07T17:24:00,1,16,17,0,0
U000555,2025-07-03T20:17:00,11,11,19,0,0
U000556,2025-07-10T12:35:00,3,13,9,0,0
U000557,2025-07-09T18:41:00,7,16,12,0,1
U000558,2025-06-19T16:55:00,6,15,3,0,0
U000559,2025-06-15T19:18:00,9,8,8,0,1
U000560,2025-06-27T15:39:00,9,4,5,0,0
U000561,2025-06-07T16:28:00,1,17,14,0,0
U000562,2025-08-07T14:14:00,2,12,21,0,0
U000563,2025-07-17T16:39:00,21,7,28,0,0
U000564,2025-06-24T11:59:00,5,11,1,0,0
U000565,2025-08-12T10:46:00,25,10,21,0,1
U000566,2025-06-11T15:55:00,11,10,10,0,0
U000567,2025-07-05T10:46:00,13,8,5,1,0
U000568,2025-07-22T17:31:00,6,2,11,0,0
U000569,2025-08-11T18:47:00,13,13,23,0,0
U000570,2025-07-26T15:23:00,18,3,12,0,0
U000571,2025-07-22T08:06:00,15,7,7,0,0
U000572,2025-08-25T14:20:00,9,11,13,0,0
U000573,2025-08-29T13:08:00,4,13,14,0,0
U000574,2025-06-02T11:45:00,8,13,12,0,0
U000575,2025-08-03T09:33:00,19,20,15,1,0
U000576,2025-08-19T21:51:00,22,14,20,0,0
U000577,2025-07-16T14:01:00,13,8,10,0,0
U000578,2025-08-26T21:08:00,11,12,5,0,0
U000579,2025-08-02T21:16:00,16,12,17,0,0
U000580,2025-07-11T15:12:00,0,20,3,0,0
U000581,2025-06-26T21:18:00,11,9,22,0,0
U000582,2025-06-28T11:01:00,12,5,18,0,0
U000583,2025-07-09T14:59:00,20,15,25,0,0
U000584,2025-07-09T21:41:00,8,10,3,0,0
U000585,2025-07-16T08:43:00,14,16,26,0,0
U000586,2025-06-11T21:50:00,2,6,15,0,0
U000587,2025-08-04T10:48:00,24,4,9,1,0
U000588,2025-06-29T15:52:00,7,15,14,0,0
U000589,2025-06-08T16:35:00,17,7,10,0,0
U000590,2025-06-16T21:54:00,20,10,13,0,0
U000591,2025-08-23T18:35:00,13,7,18,0,0
U000592,2025-08-17T10:37:00,4,10,11,0,0
U000593,2025-06-04T18:19:00,16,6,13,0,0
U000594,2025-06-13T10:44:00,7,13,16,0,0
U000595,2025-06-03T08:14:00,5,10,11,0,0
U000596,2025-07-08T20:03:00,9,7,12,0,0
U000597,2025-08-19T11:54:00,20,9,16,0,0
U000598,2025-08-15T13:55:00,9,15,12,0,1
U000599,2025-08-18T16:22:00,11,6,18,0,0
U000600,2025-06-13T08:24:00,0,16,10,1,0
U000601,2025-08-29T09:44:00,7,16,6,0,0
U000602,2025-07-04T18:03:00,3,10,16,0,0
U000603,2025-07-13T15:53:00,5,17,3,0,0
U000604,2025-08-28T16:12:00,8,13,11,0,0
U000605,2025-06-04T17:01:00,22,8,16,0,0
U000606,2025-06-10T11:44:00,10,17,22,0,0
U000607,2025-08-28T15:18:00,12,5,16,0,0
U000608,2025-06-03T11:29:00,6,10,12,1,0
U000609,2025-06-22T10:49:00,18,14,20,0,0
U000610,2025-08-06T08:29:00,14,16,16,0,0
U000611,2025-06-04T18:32:00,9,18,3,0,0
U000612,2025-07-18T17:02:00,6,6,13,0,0
U000613,2025-08-20T09:21:00,6,20,9,0,0
U000614,2025-06-16T17:00:00,8,12,14,1,0
U000615,2025-06-21T12:51:00,15,7,8,0,0
U000616,2025-07-05T10:04:00,2,12,12,0,0
U000617,2025-06-30T19:24:00,5,13,10,0,0
U000618,2025-06-16T18:02:00,16,12,18,0,0
U000619,2025-08-13T15:08:00,7,14,17,0,0
U000620,2025-07-04T12:28:00,17,21,16,0,1
U000621,2025-06-29T09:20:00,14,11,20,0,1
U000622,2025-07-12T19:14:00,12,18,14,0,0
U000623,2025-07-10T16:58:00,14,7,3,0,0
U000624,2025-06-22T08:17:00,3,6,17,1,0
U000625,2025-08-06T14:18:00,13,19,12,0,0
U000626,2025-07-04T15:12:00,13,12,18,0,0
U000627,2025-06-02T17:41:00,6,14,8,0,1
U000628,2025-07-21T17:55:00,17,13,4,0,0
U000629,2025-06-11T18:08:00,17,10,16,0,1
U000630,2025-08-18T13:24:00,6,16,5,0,1
U000631,2025-08-19T13:02:00,11,7,8,0,0
U000632,2025-07-07T20:17:00,7,15,21,0,0
U000633,2025-06-21T13:07:00,24,16,8,0,0
U000634,2025-08-21T15:33:00,17,6,24,0,1
U000635,2025-07-25T15:08:00,16,6,23,0,0
U000636,2025-08-22T17:36:00,10,6,1,0,0
U000637,2025-08-08T14:32:00,9,21,8,0,1
U000638,2025-08-25T17:40:00,8,7,13,0,0
U000639,2025-07-14T14:44:00,8,8,16,1,0
U000640,2025-08-07T20:23:00,17,3,0,0,1
U000641,2025-08-01T15:56:00,4,14,10,0,0
U000642,2025-06-10T16:59:00,18,7,19,0,0
U000643,2025-07-22T11:37:00,4,15,18,0,0
U000644,2025-08-20T13:46:00,3,8,5,0,0
U000645,2025-07-17T08:03:00,16,8,4,0,0
U000646,2025-08-15T15:24:00,20,14,24,0,1
U000647,2025-08-18T11:04:00,1,10,20,0,0
U000648,2025-08-04T19:23:00,16,13,4,0,0
U000649,2025-08-28T14:49:00,8,12,4,0,1
U000650,2025-06-25T11:02:00,24,15,22,0,0
U000651,2025-07-08T15:50:00,11,10,14,1,0
U000652,2025-08-30T09:15:00,16,10,8,1,0
U000653,2025-06-17T09:58:00,7,15,11,0,0
U000654,2025-08-21T18:09:00,11,7,10,0,0
U000655,2025-07-13T16:06:00,9,12,22,0,0
U000656,2025-07-22T17:17:00,12,17,13,0,0
U000657,2025-06-30T10:54:00,3,9,9,0,0
U000658,2025-06-12T08:39:00,17,15,2,1,0
U000659,2025-08-06T18:08:00,2,16,18,0,0
U000660,2025-06-29T16:41:00,4,16,13,0,1
U000661,2025-06-06T08:08:00,17,19,16,0,0
U000662,2025-08-09T09:28:00,16,3,8,0,0
U000663,2025-08-22T20:39:00,8,17,4,0,0
U000664,2025-06-18T16:06:00,8,4,13,0,0
U000665,2025-06-10T09:11:00,15,4,6,1,0
U000666,2025-08-02T17:44:00,12,15,16,0,0
U000667,2025-07-16T21:20:00,6,10,13,0,1
U000668,2025-08-15T16:39:00,12,15,15,0,0
U000669,2025-07-09T16:47:00,16,12,4,0,0
U000670,2025-06-17T08:33:00,13,6,16,0,0
U000671,2025-08-07T10:11:00,13,13,20,0,0
U000672,2025-07-30T14:09:00,19,17,16,0,0
U000673,2025-07-25T08:16:00,15,7,20,0,0
U000674,2025-08-01T08:28:00,16,6,17,0,0
U000675,2025-06-13T10:33:00,7,7,4,0,0
U000676,2025-08-11T21:16:00,7,8,24,0,0
U000677,2025-06-03T08:30:00,11,15,7,0,0
U000678,2025-07-07T20:51:00,10,21,4,0,0
U000679,2025-06-23T10:49:00,17,12,10,0,0
U000680,2025-06-15T19:54:00,0,10,14,1,0
U000681,2025-06-23T09:04:00,9,10,19,0,0
U000682,2025-08-16T18:11:00,8,7,9,0,0
U000683,2025-06-25T17:51:00,17,12,9,1,0
U000684,2025-06-06T08:54:00,7,15,14,0,0
U000685,2025-08-11T13:06:00,12,8,12,0,1
U000686,2025-09-01T12:07:00,11,16,17,0,0
U000687,2025-07-21T10:53:00,16,12,18,0,0
U000688,2025-06-11T09:03:00,15,7,27,1,0
U000689,2025-07-05T08:09:00,23,11,9,1,0
U000690,2025-07-09T14:36:00,9,5,15,0,1
U000691,2025-07-12T14:31:00,17,4,17,0,0
U000692,2025-06-16T08:39:00,12,18,22,0,0
U000693,2025-06-27T09:14:00,14,10,18,0,0
U000694,2025-07-11T11:03:00,12,13,28,0,0
U000695,2025-08-26T14:18:00,10,8,15,0,0
U000696,2025-06-03T17:44:00,14,5,6,0,0
U000697,2025-08-15T11:01:00,13,18,10,0,0
U000698,2025-08-12T19:19:00,9,13,10,0,0
U000699,2025-08-08T08:33:00,7,16,9,0,0
U000700,2025-06-28T20:38:00,18,14,11,0,0
U000701,2025-07-07T16:25:00,7,12,24,0,1
U000702,2025-09-01T11:05:00,4,17,6,0,1
U000703,2025-06-20T15:57:00,14,10,18,0,0
U000704,2025-06-30T14:46:00,12,17,18,1,0
U000705,2025-06-10T12:47:00,16,20,13,0,0
U000706,2025-07-29T08:38:00,15,11,16,0,0
U000707,2025-07-30T14:47:00,24,3,17,0,0
U000708,2025-06-10T09:01:00,11,16,18,0,1
U000709,2025-06-24T10:52:00,10,7,2,0,0
U000710,2025-07-13T16:39:00,10,7,4,1,0
U000711,2025-06-01T17:24:00,5,16,8,0,0
U000712,2025-07-19T19:45:00,13,5,15,0,0
U000713,2025-08-22T20:13:00,9,5,9,0,0
U000714,2025-08-10T19:53:00,15,13,19,0,0
U000715,2025-07-04T12:13:00,6,4,13,0,0
U000716,2025-07-19T10:51:00,12,5,19,1,0
U000717,2025-07-30T20:24:00,4,8,19,1,0
U000718,2025-06-13T12:49:00,16,16,20,0,0
U000719,2025-06-21T19:30:00,13,3,17,0,0
U000720,2025-06-08T19:05:00,7,10,1,0,0
U000721,2025-06-07T10:41:00,19,13,13,0,1
U000722,2025-07-25T09:52:00,7,11,10,0,0
U000723,2025-07-09T18:08:00,11,11,17,0,0
U000724,2025-07-03T18:26:00,10,18,13,1,0
U000725,2025-08-31T16:14:00,24,15,17,0,0
U000726,2025-06-07T09:10:00,12,2,17,0,0
U000727,2025-07-16T16:12:00,17,6,13,0,0
U000728,2025-08-28T15:59:00,8,17,7,0,0
U000729,2025-08-27T13:52:00,17,10,11,1,0
U000730,2025-08-13T12:51:00,8,3,8,0,1
U000731,2025-07-26T16:53:00,4,16,12,0,0
U000732,2025-08-29T16:35:00,13,7,12,0,1
U000733,2025-08-28T16:46:00,12,16,23,0,0
U000734,2025-06-12T17:41:00,15,11,19,0,0
U000735,2025-08-14T08:37:00,10,12,15,1,0
U000736,2025-07-29T17:44:00,7,10,0,0,0
U000737,2025-08-27T12:36:00,9,13,7,1,0
U000738,2025-06-28T18:39:00,12,4,2,0,0
U000739,2025-07-25T21:26:00,12,2,5,0,1
U000740,2025-06-23T18:44:00,5,18,15,0,1
U000741,2025-06-28T15:13:00,6,10,22,0,0
U000742,2025-06-05T12:20:00,8,12,14,0,0
U000743,2025-08-28T20:45:00,9,5,5,0,0
U000744,2025-07-05T10:30:00,8,1,18,1,0
U000745,2025-07-02T13:54:00,7,7,15,0,0
U000746,2025-06-09T14:36:00,15,17,13,0,0
U000747,2025-06-10T18:10:00,10,11,21,0,0
U000748,2025-07-15T11:34:00,15,0,11,0,0
U000749,2025-07-13T20:59:00,6,11,14,0,0
U000750,2025-07-26T12:15:00,4,17,7,0,0
U000751,2025-08-31T11:23:00,13,6,8,1,0
U000752,2025-07-19T14:27:00,12,10,10,0,0
U000753,2025-07-22T18:17:00,12,15,12,0,0
U000754,2025-08-21T18:15:00,3,14,13,0,0
U000755,2025-07-11T08:32:00,13,7,2,0,0
U000756,2025-07-27T16:13:00,17,13,22,0,0
U000757,2025-07-11T21:24:00,20,18,17,0,0
U000758,2025-07-18T17:11:00,6,6,11,0,0
U000759,2025-08-06T08:06:00,17,14,14,0,0
U000760,2025-08-21T18:14:00,9,20,13,0,0
U000761,2025-09-01T15:09:00,10,16,22,0,1
U000762,2025-08-12T14:54:00,16,15,20,0,0
U000763,2025-08-28T08:25:00,4,15,12,0,0
U000764,2025-06-01T12:30:00,9,12,20,0,1
U000765,2025-06-23T12:59:00,12,14,19,0,0
U000766,2025-08-31T11:38:00,7,19,20,0,0
U000767,2025-06-25T12:31:00,12,9,15,0,0
U000768,2025-06-04T21:51:00,7,20,5,0,0
U000769,2025-08-23T15:47:00,15,19,18,0,0
U000770,2025-07-29T21:48:00,16,10,16,0,0
U000771,2025-06-20T15:37:00,20,14,7,0,0
U000772,2025-07-04T17:10:00,13,9,13,0,0
U000773,2025-06-12T08:09:00,7,18,7,0,1
U000774,2025-06-16T17:07:00,17,16,24,0,1
U000775,2025-07-11T12:06:00,8,21,1,0,0
U000776,2025-08-05T11:11:00,16,16,17,0,0
U000777,2025-06-01T21:48:00,15,7,7,0,0
U000778,2025-08-18T08:57:00,0,18,10,0,0
U000779,2025-06-16T09:39:00,9,14,13,0,0
U000780,2025-08-09T18:12:00,13,10,17,1,0
U000781,2025-08-13T10:01:00,4,14,15,1,0
U000782,2025-08-19T14:27:00,10,14,16,0,0
U000783,2025-07-24T10:38:00,16,6,24,0,0
U000784,2025-08-30T13:56:00,18,8,15,0,0
U000785,2025-07-11T20:04:00,18,14,13,0,0
U000786,2025-08-22T21:28:00,8,14,22,0,1
U000787,2025-07-03T11:16:00,21,21,22,0,0
U000788,2025-08-10T16:55:00,15,3,14,1,0
U000789,2025-06-30T18:42:00,10,10,16,0,0
U000790,2025-08-31T19:00:00,14,15,18,0,0
U000791,2025-08-17T20:31:00,17,6,10,0,0
U000792,2025-07-11T15:16:00,6,16,17,0,0
U000793,2025-07-08T09:58:00,16,20,12,0,0
U000794,2025-07-08T11:13:00,17,12,13,0,0
U000795,2025-08-26T08:09:00,3,10,20,0,0
U000796,2025-07-16T11:04:00,14,18,19,0,0
U000797,2025-07-18T21:51:00,12,14,12,0,0
U000798,2025-07-14T17:17:00,13,14,16,0,0
U000799,2025-07-04T08:46:00,16,0,10,0,0
U000800,2025-08-29T20:36:00,19,14,23,0,0
U000801,2025-06-03T16:06:00,15,15,22,0,0
U000802,2025-07-09T21:43:00,13,14,10,0,0
U000803,2025-07-01T13:24:00,4,4,4,0,0
U000804,2025-07-02T17:06:00,12,19,18,0,0
U000805,2025-06-10T19:41:00,9,11,14,0,0
U000806,2025-07-06T20:42:00,10,19,16,0,0
U000807,2025-08-28T10:10:00,11,21,14,0,0
U000808,2025-06-28T08:11:00,14,19,14,0,1
U000809,2025-07-24T13:06:00,7,16,0,0,0
U000810,2025-07-03T11:10:00,17,17,20,0,0
U000811,2025-08-15T14:00:00,10,17,6,0,0
U000812,2025-08-31T16:58:00,11,12,6,0,0
U000813,2025-07-17T13:47:00,11,15,16,0,0
U000814,2025-07-22T21:19:00,6,13,14,0,0
U000815,2025-06-13T08:01:00,12,13,3,0,0
U000816,2025-07-14T12:33:00,12,12,14,0,0
U000817,2025-06-28T11:50:00,9,10,8,0,1
U000818,2025-07-17T20:44:00,1,4,10,0,0
U000819,2025-06-14T10:02:00,23,20,23,0,0
U000820,2025-08-01T17:56:00,7,12,20,0,0
U000821,2025-07-11T12:52:00,15,3,7,0,0
U000822,2025-06-10T20:56:00,4,13,13,0,0
U000823,2025-06-18T16:03:00,11,8,17,0,0
U000824,2025-06-24T18:45:00,11,8,13,0,0
U000825,2025-08-25T09:33:00,9,6,16,0,0
U000826,2025-06-13T09:29:00,13,19,16,0,0
U000827,2025-06-08T20:12:00,6,21,3,0,0
U000828,2025-07-12T20:15:00,16,21,14,1,0
U000829,2025-08-15T21:31:00,9,17,16,0,0
U000830,2025-06-03T19:17:00,3,18,10,0,0
U000831,2025-07-26T14:49:00,11,17,17,0,1
U000832,2025-08-08T09:00:00,5,16,17,0,0
U000833,2025-08-25T16:18:00,7,16,14,0,0
U000834,2025-07-05T18:56:00,14,15,14,1,0
U000835,2025-06-09T18:24:00,15,12,7,1,0
U000836,2025-06-30T16:41:00,12,21,15,0,0
U000837,2025-07-02T17:39:00,13,7,23,0,0
U000838,2025-08-24T14:21:00,5,15,22,0,0
U000839,2025-06-23T14:53:00,10,17,23,0,1
U000840,2025-07-18T17:56:00,15,11,14,0,0
U000841,2025-06-04T16:59:00,10,5,17,0,0
U000842,2025-08-23T18:21:00,5,14,17,0,0
U000843,2025-07-06T11:06:00,13,16,21,0,0
U000844,2025-07-26T17:48:00,9,2,12,0,0
U000845,2025-06-03T16:05:00,7,4,9,0,0
U000846,2025-08-16T09:09:00,20,5,14,0,0
U000847,2025-06-24T21:08:00,11,19,18,0,0
U000848,2025-06-23T15:36:00,12,13,13,0,0
U000849,2025-06-18T18:53:00,18,11,12,0,0
U000850,2025-06-06T11:56:00,15,5,8,0,1
U000851,2025-06-01T21:02:00,11,9,19,0,0
U000852,2025-07-11T15:23:00,17,5,19,0,0
U000853,2025-08-19T12:39:00,15,3,22,1,1
U000854,2025-08-12T15:13:00,18,16,20,0,1
U000855,2025-07-23T14:26:00,23,17,21,0,0
U000856,2025-08-13T12:51:00,17,12,16,0,0
U000857,2025-07-03T09:30:00,10,5,16,0,0
U000858,2025-06-19T14:05:00,16,13,14,0,0
U000859,2025-08-16T13:45:00,15,10,16,0,0
U000860,2025-06-08T11:54:00,10,15,0,0,0
U000861,2025-07-20T12:25:00,25,17,23,0,1
U000862,2025-07-26T09:50:00,9,7,22,0,1
U000863,2025-08-12T11:29:00,12,19,21,0,0
U000864,2025-06-22T15:08:00,22,2,11,0,1
U000865,2025-08-24T18:12:00,4,11,6,0,1
U000866,2025-06-22T14:27:00,5,16,9,0,0
U000867,2025-07-21T17:49:00,12,12,18,1,0
U000868,2025-06-17T18:52:00,6,6,18,0,0
U000869,2025-06-28T08:29:00,22,11,19,0,1
U000870,2025-08-19T19:39:00,9,12,8,0,0
U000871,2025-07-06T16:07:00,15,16,17,0,0
U000872,2025-07-10T17:00:00,6,7,19,0,0
U000873,2025-07-09T18:38:00,15,4,15,0,1
U000874,2025-06-09T16:34:00,10,15,14,0,0
U000875,2025-07-21T10:58:00,11,1,14,1,0
U000876,2025-06-19T17:52:00,11,2,13,0,0
U000877,2025-08-18T20:37:00,18,16,21,0,0
U000878,2025-07-23T13:20:00,12,8,12,0,0
U000879,2025-06-28T16:26:00,20,6,5,0,0
U000880,2025-08-04T19:34:00,17,13,17,0,0
U000881,2025-08-11T21:41:00,17,4,5,0,0
U000882,2025-08-31T19:52:00,7,6,3,0,1
U000883,2025-06-18T21:27:00,7,14,6,0,0
U000884,2025-07-24T18:57:00,16,6,12,0,0
U000885,2025-07-25T12:23:00,10,18,18,0,1
U000886,2025-08-05T18:34:00,14,13,14,0,0
U000887,2025-06-20T13:00:00,13,3,16,0,0
U000888,2025-08-06T10:08:00,10,11,12,0,0
U000889,2025-06-05T14:07:00,9,10,8,0,0
U000890,2025-08-17T11:33:00,17,12,11,0,0
U000891,2025-06-07T10:28:00,8,12,21,0,1
U000892,2025-08-27T13:55:00,14,10,7,0,0
U000893,2025-07-06T10:51:00,2,16,14,0,0
U000894,2025-07-25T10:06:00,15,9,17,1,0
U000895,2025-06-29T18:08:00,11,9,9,0,0
U000896,2025-07-25T15:56:00,6,6,26,0,0
U000897,2025-06-12T17:52:00,19,17,12,0,0
U000898,2025-06-20T14:02:00,14,7,8,0,0
U000899,2025-08-17T12:45:00,12,12,13,0,0
U000900,2025-06-21T21:54:00,12,20,3,0,0
U000901,2025-08-16T17:54:00,18,13,12,0,1
U000902,2025-07-21T16:03:00,12,12,23,0,0
U000903,2025-07-25T21:32:00,7,8,24,0,0
U000904,2025-08-03T21:53:00,10,9,11,0,0
U000905,2025-06-03T14:15:00,9,7,15,0,0
U000906,2025-07-11T15:46:00,13,16,23,0,0
U000907,2025-06-29T19:37:00,9,7,21,1,0
U000908,2025-06-07T19:39:00,3,7,19,0,0
U000909,2025-07-23T15:52:00,20,13,26,0,0
U000910,2025-06-23T20:00:00,18,16,19,0,0
U000911,2025-08-15T08:57:00,19,17,19,1,0
U000912,2025-07-24T17:40:00,16,14,8,0,0
U000913,2025-08-09T19:18:00,10,18,17,1,0
U000914,2025-08-22T15:54:00,10,4,11,0,0
U000915,2025-06-15T15:42:00,9,4,14,0,0
U000916,2025-07-10T11:16:00,19,18,15,0,0
U000917,2025-08-23T11:37:00,10,14,21,1,1
U000918,2025-08-23T15:35:00,14,13,17,0,0
U000919,2025-07-11T16:16:00,7,19,13,0,1
U000920,2025-08-24T13:15:00,10,13,17,0,0
U000921,2025-07-18T08:40:00,15,21,7,0,0
U000922,2025-06-17T08:41:00,16,10,6,0,0
U000923,2025-07-15T09:07:00,10,18,25,0,0
U000924,2025-08-08T19:57:00,15,18,18,0,0
U000925,2025-07-07T09:57:00,12,6,16,0,0
U000926,2025-06-15T21:53:00,15,5,12,0,0
U000927,2025-08-20T19:08:00,2,16,5,0,0
U000928,2025-07-16T08:26:00,16,5,4,0,0
U000929,2025-07-11T20:34:00,12,19,17,0,0
U000930,2025-08-25T11:51:00,9,18,6,0,0
U000931,2025-07-23T21:56:00,0,15,4,0,0
U000932,2025-08-17T21:34:00,15,20,19,0,0
U000933,2025-08-19T20:47:00,2,19,12,0,1
U000934,2025-06-15T13:44:00,21,20,16,1,0
U000935,2025-07-30T19:58:00,8,8,2,1,0
U000936,2025-08-21T12:34:00,8,15,8,0,0
U000937,2025-06-14T19:34:00,11,16,16,0,0
U000938,2025-08-29T14:43:00,11,5,21,0,0
U000939,2025-07-12T18:28:00,10,12,10,0,0
U000940,2025-06-28T21:04:00,10,13,17,0,0
U000941,2025-07-02T11:24:00,17,3,13,0,0
U000942,2025-08-23T18:57:00,7,10,13,0,0
U000943,2025-08-20T21:49:00,20,20,15,1,0
U000944,2025-07-09T09:03:00,18,17,18,0,0
U000945,2025-07-02T11:19:00,14,8,13,1,0
U000946,2025-07-05T16:18:00,20,18,19,0,0
U000947,2025-08-20T13:34:00,9,9,5,0,1
U000948,2025-08-01T15:01:00,13,10,15,0,1
U000949,2025-08-12T16:45:00,7,12,10,0,0
U000950,2025-08-31T21:09:00,11,16,13,0,0
U000951,2025-06-04T18:55:00,21,8,14,0,0
U000952,2025-06-21T15:49:00,12,12,17,0,0
U000953,2025-06-17T12:45:00,3,9,24,0,0
U000954,2025-06-09T12:25:00,4,18,12,0,0
U000955,2025-07-01T15:45:00,19,10,17,1,0
U000956,2025-06-04T21:56:00,18,1,5,0,0
U000957,2025-08-07T21:50:00,9,5,20,0,0
U000958,2025-07-02T11:33:00,3,21,12,1,1
U000959,2025-07-26T11:17:00,11,3,20,0,0
U000960,2025-06-05T08:13:00,19,8,21,0,0
U000961,2025-06-25T09:44:00,10,13,19,0,1
U000962,2025-08-03T21:17:00,7,19,0,0,0
U000963,2025-06-28T10:43:00,9,12,7,0,0
U000964,2025-06-11T16:33:00,12,12,8,0,0
U000965,2025-07-29T16:51:00,14,9,13,0,0
U000966,2025-08-02T08:48:00,13,11,9,1,1
U000967,2025-07-14T12:52:00,5,15,18,0,0
U000968,2025-06-25T14:01:00,14,3,21,0,0
U000969,2025-07-17T20:30:00,11,11,13,0,0
U000970,2025-06-22T09:59:00,21,16,14,0,0
U000971,2025-08-21T09:34:00,14,19,9,0,1
U000972,2025-06-29T20:20:00,14,6,9,0,0
U000973,2025-07-15T13:48:00,6,8,16,1,1
U000974,2025-07-29T08:23:00,9,4,10,0,0
U000975,2025-08-20T17:24:00,22,12,27,0,0
U000976,2025-08-25T11:50:00,13,5,17,0,0
U000977,2025-06-11T10:46:00,8,11,5,0,0
U000978,2025-06-02T16:34:00,13,16,16,0,0
U000979,2025-07-20T15:48:00,11,9,6,0,1
U000980,2025-08-26T08:29:00,10,15,15,0,0
U000981,2025-08-18T14:46:00,8,4,7,0,0
U000982,2025-06-08T17:51:00,16,12,11,0,1
U000983,2025-07-28T11:37:00,3,7,16,0,0
U000984,2025-08-15T13:23:00,9,12,11,0,0
U000985,2025-07-28T21:47:00,10,8,11,0,0
U000986,2025-06-18T15:58:00,5,21,5,0,0
U000987,2025-07-21T21:18:00,15,1,12,0,0
U000988,2025-08-05T12:04:00,13,12,11,0,0
U000989,2025-06-06T09:56:00,9,14,13,0,1
U000990,2025-09-01T10:52:00,23,13,13,1,0
U000991,2025-07-03T20:52:00,9,12,15,1,0
U000992,2025-07-08T12:45:00,15,15,21,0,1
U000993,2025-07-19T11:10:00,14,6,25,0,0
U000994,2025-07-23T13:13:00,26,10,10,0,0
U000995,2025-07-01T14:43:00,5,7,7,0,0
U000996,2025-07-20T12:41:00,9,15,5,0,0
U000997,2025-06-21T11:08:00,14,15,16,1,0
U000998,2025-06-07T18:32:00,11,20,13,1,0
U000999,2025-06-02T12:09:00,6,13,5,0,0
U001000,2025-06-15T15:24:00,12,7,10,0,0
U001001,2025-06-17T13:11:00,13,21,4,0,0
U001002,2025-07-19T17:17:00,12,9,14,0,0
U001003,2025-07-30T08:03:00,12,8,10,0,0
U001004,2025-06-12T19:27:00,10,1,7,0,0
U001005,2025-06-13T13:15:00,14,21,20,0,0
U001006,2025-06-28T19:06:00,1,9,12,1,0
U001007,2025-06-10T11:47:00,10,17,9,0,0
U001008,2025-06-28T10:52:00,15,21,23,1,0
U001009,2025-08-23T14:07:00,15,5,25,1,0
U001010,2025-07-05T09:55:00,9,8,14,0,0
U001011,2025-06-13T16:44:00,10,9,12,0,0
U001012,2025-08-25T12:00:00,12,8,23,0,0
U001013,2025-06-24T21:57:00,7,15,8,0,1
U001014,2025-06-29T20:29:00,15,6,0,0,0
U001015,2025-06-25T09:21:00,14,11,19,0,1
U001016,2025-06-18T21:17:00,14,13,27,0,0
U001017,2025-06-16T18:49:00,21,8,17,0,0
U001018,2025-08-19T10:33:00,5,19,19,0,1
U001019,2025-07-11T18:04:00,9,18,28,0,0
U001020,2025-07-09T11:06:00,13,9,16,0,0
U001021,2025-08-05T13:15:00,23,15,13,0,0
U001022,2025-07-10T10:10:00,13,11,11,0,0
U001023,2025-08-10T14:51:00,7,11,13,0,0
U001024,2025-06-18T12:32:00,11,15,19,0,1
U001025,2025-07-20T17:28:00,10,13,4,0,1
U001026,2025-08-22T17:41:00,9,10,15,0,0
U001027,2025-06-09T11:26:00,19,12,25,0,0
U001028,2025-07-07T15:18:00,18,13,24,0,0
U001029,2025-08-20T17:46:00,10,10,21,0,0
U001030,2025-09-01T12:01:00,0,11,22,0,1
U001031,2025-08-19T17:49:00,10,11,6,0,1
U001032,2025-07-03T18:12:00,9,11,23,0,0
U001033,2025-06-13T12:06:00,7,4,18,0,0
U001034,2025-08-20T21:00:00,15,11,17,0,0
U001035,2025-06-08T17:10:00,9,13,14,0,0
U001036,2025-08-27T14:02:00,10,13,16,1,0
U001037,2025-08-14T14:36:00,1,13,13,1,0
U001038,2025-08-29T14:06:00,11,12,12,0,0
U001039,2025-07-08T12:09:00,18,4,3,0,0
U001040,2025-06-08T12:28:00,10,11,22,0,0
U001041,2025-08-30T12:16:00,15,13,19,0,0
U001042,2025-07-10T10:21:00,9,7,16,0,0
U001043,2025-06-13T16:24:00,11,18,9,0,0
U001044,2025-08-18T17:09:00,14,14,20,0,0
U001045,2025-08-16T21:34:00,25,14,9,0,0
U001046,2025-07-09T19:53:00,22,14,18,0,0
U001047,2025-06-01T14:33:00,10,7,13,0,0
U001048,2025-07-05T10:36:00,12,15,11,0,0
U001049,2025-08-22T21:57:00,8,13,7,0,0
U001050,2025-08-07T17:52:00,23,7,15,0,0
U001051,2025-06-13T14:16:00,12,8,6,0,0
U001052,2025-06-07T19:57:00,12,16,14,0,0
U001053,2025-07-07T08:12:00,13,20,15,0,0
U001054,2025-08-07T18:26:00,0,6,13,0,0
U001055,2025-07-21T18:31:00,13,6,8,0,1
U001056,2025-06-14T20:15:00,9,8,14,1,1
U001057,2025-08-04T18:50:00,5,12,19,0,0
U001058,2025-08-28T20:05:00,8,11,6,0,1
U001059,2025-06-20T14:38:00,9,14,8,0,1
U001060,2025-08-26T19:29:00,12,10,12,0,0
U001061,2025-08-15T16:23:00,7,16,16,0,0
U001062,2025-06-08T09:20:00,22,18,22,0,0
U001063,2025-06-19T19:35:00,14,19,15,0,0
U001064,2025-08-15T15:48:00,11,7,11,0,0
U001065,2025-08-09T16:39:00,13,6,16,0,1
U001066,2025-06-07T15:32:00,8,18,14,0,1
U001067,2025-06-12T12:49:00,6,11,26,0,0
U001068,2025-08-27T09:39:00,10,14,17,1,0
U001069,2025-08-08T19:32:00,17,13,7,0,0
U001070,2025-09-01T18:06:00,11,15,23,0,0
U001071,2025-07-09T12:33:00,14,14,14,0,0
U001072,2025-06-29T08:36:00,12,7,11,0,0
U001073,2025-07-23T16:59:00,2,13,11,0,1
U001074,2025-08-15T09:26:00,20,3,19,1,1
U001075,2025-06-16T17:14:00,4,16,13,1,0
U001076,2025-08-01T10:52:00,15,14,16,0,0
U001077,2025-08-18T19:19:00,7,15,8,0,0
U001078,2025-08-25T17:30:00,12,4,19,0,0
U001079,2025-08-11T17:01:00,3,15,18,0,0
U001080,2025-08-18T21:21:00,16,2,12,0,0
U001081,2025-08-18T11:01:00,10,15,8,0,1
U001082,2025-06-22T15:05:00,11,14,3,0,0
U001083,2025-06-07T08:54:00,9,8,22,0,1
U001084,2025-08-13T17:15:00,12,6,8,0,1
U001085,2025-06-06T19:35:00,7,19,9,0,0
U001086,2025-07-23T17:10:00,5,10,11,0,1
U001087,2025-06-27T20:54:00,24,19,18,0,1
U001088,2025-06-24T17:17:00,20,12,19,1,0
U001089,2025-07-30T13:51:00,19,5,13,0,0
U001090,2025-06-23T15:37:00,6,12,1,1,0
U001091,2025-08-05T09:35:00,14,11,17,0,0
U001092,2025-06-24T20:00:00,21,8,19,0,1
U001093,2025-06-27T17:15:00,6,16,19,0,0
U001094,2025-06-04T18:39:00,16,18,13,0,1
U001095,2025-06-02T16:02:00,22,10,11,0,0
U001096,2025-08-17T21:15:00,1,10,4,0,0
U001097,2025-06-01T14:06:00,19,10,9,0,0
U001098,2025-07-14T17:51:00,8,15,10,0,0
U001099,2025-08-24T19:02:00,11,15,17,0,0
U001100,2025-07-17T16:14:00,5,4,12,0,1
U001101,2025-07-11T10:32:00,26,17,18,0,0
U001102,2025-06-04T08:39:00,10,9,6,0,0
U001103,2025-07-28T08:51:00,4,7,11,0,1
U001104,2025-08-06T16:52:00,22,4,9,0,0
U001105,2025-07-05T16:28:00,21,14,23,0,0
U001106,2025-08-24T17:15:00,5,7,22,0,0
U001107,2025-08-16T18:00:00,10,12,12,0,1
U001108,2025-06-24T19:02:00,5,17,11,0,0
U001109,2025-06-05T21:37:00,8,18,5,0,0
U001110,2025-08-19T21:49:00,10,12,14,1,0
U001111,2025-06-16T10:25:00,12,18,19,0,0
U001112,2025-06-07T15:29:00,12,10,11,0,0
U001113,2025-06-24T12:01:00,9,14,10,1,0
U001114,2025-07-05T16:16:00,13,15,20,0,0
U001115,2025-06-06T13:43:00,8,8,12,1,0
U001116,2025-06-18T12:38:00,21,5,11,0,0
U001117,2025-06-17T13:10:00,5,19,20,0,0
U001118,2025-06-29T12:39:00,12,18,24,0,0
U001119,2025-06-17T16:41:00,13,13,13,0,0
U001120,2025-06-02T10:20:00,5,8,17,0,0
U001121,2025-06-02T14:13:00,16,8,23,0,0
U001122,2025-08-13T14:26:00,9,3,14,0,0
U001123,2025-08-18T21:18:00,13,10,21,0,0
U001124,2025-07-31T12:52:00,12,10,19,0,0
U001125,2025-06-10T19:06:00,14,16,14,1,0
U001126,2025-07-05T10:39:00,19,7,17,0,0
U001127,2025-07-21T08:58:00,13,0,9,0,0
U001128,2025-08-24T18:48:00,14,11,6,1,0
U001129,2025-08-06T08:27:00,14,0,13,0,0
U001130,2025-08-23T08:24:00,12,18,21,0,0
U001131,2025-08-24T20:58:00,16,8,5,0,0
U001132,2025-06-23T13:48:00,12,16,21,1,0
U001133,2025-06-12T17:12:00,17,10,6,1,0
U001134,2025-08-06T14:40:00,18,15,19,0,0
U001135,2025-06-07T12:41:00,14,15,15,0,0
U001136,2025-06-26T18:34:00,11,8,17,0,1
U001137,2025-07-18T12:11:00,17,9,0,1,0
U001138,2025-08-02T13:26:00,15,13,14,0,1
U001139,2025-08-25T12:01:00,12,11,8,0,0
U001140,2025-08-09T20:12:00,11,4,11,0,0
U001141,2025-08-15T08:30:00,19,3,24,0,0
U001142,2025-08-27T18:55:00,12,20,18,1,0
U001143,2025-07-04T20:21:00,7,12,14,0,0
U001144,2025-08-29T17:18:00,13,16,24,0,0
U001145,2025-06-06T19:23:00,8,13,11,0,0
U001146,2025-07-12T13:18:00,9,8,9,0,0
U001147,2025-06-15T12:14:00,27,5,0,0,0
U001148,2025-08-08T19:50:00,7,16,10,0,0
U001149,2025-08-13T09:23:00,14,11,9,0,0
U001150,2025-07-26T15:29:00,12,13,18,0,0
U001151,2025-07-06T13:14:00,17,8,4,0,0
U001152,2025-08-21T09:37:00,21,1,8,0,0
U001153,2025-06-06T17:51:00,7,17,5,0,0
U001154,2025-06-18T10:28:00,12,17,15,0,0
U001155,2025-07-08T16:56:00,19,14,14,0,0
U001156,2025-07-08T18:02:00,9,13,5,1,0
U001157,2025-07-15T17:44:00,10,10,12,0,0
U001158,2025-06-12T18:12:00,14,13,27,0,0
U001159,2025-06-24T18:40:00,13,10,14,0,0
U001160,2025-07-04T14:52:00,21,15,17,1,0
U001161,2025-07-14T16:32:00,10,10,17,1,0
U001162,2025-06-13T21:44:00,8,14,8,0,0
U001163,2025-08-03T18:55:00,9,0,18,0,0
U001164,2025-07-31T10:19:00,25,11,22,0,0
U001165,2025-07-26T08:32:00,8,15,10,0,0
U001166,2025-08-20T20:27:00,13,13,19,0,0
U001167,2025-08-15T16:36:00,22,14,16,0,0
U001168,2025-07-25T13:46:00,12,8,11,0,0
U001169,2025-08-08T19:32:00,3,11,0,1,0
U001170,2025-08-16T09:09:00,12,8,19,0,0
U001171,2025-06-21T12:49:00,25,14,16,0,0
U001172,2025-08-20T15:57:00,11,9,20,0,0
U001173,2025-08-19T09:10:00,1,12,15,0,0
U001174,2025-07-31T12:51:00,12,3,16,0,0
U001175,2025-06-10T11:14:00,16,18,17,0,0
U001176,2025-06-14T21:19:00,21,15,13,1,1
U001177,2025-08-18T19:27:00,11,7,14,0,0
U001178,2025-08-12T13:42:00,15,18,16,0,1
U001179,2025-07-06T20:54:00,15,4,9,0,0
U001180,2025-08-30T09:12:00,11,7,9,0,0
U001181,2025-08-28T12:21:00,5,11,18,1,0
U001182,2025-07-20T19:18:00,11,10,11,1,0
U001183,2025-08-22T19:33:00,5,12,16,0,1
U001184,2025-06-02T12:37:00,19,13,18,0,0
U001185,2025-08-26T18:34:00,8,7,8,0,0
U001186,2025-08-17T10:25:00,10,11,22,0,0
U001187,2025-06-12T17:58:00,8,0,15,0,0
U001188,2025-07-03T09:31:00,17,17,16,1,0
U001189,2025-06-27T17:59:00,14,6,17,0,0
U001190,2025-07-26T21:28:00,6,21,14,0,0
U001191,2025-07-29T10:46:00,12,14,2,0,0
U001192,2025-07-14T13:58:00,7,11,9,0,0
U001193,2025-06-23T08:28:00,23,11,3,0,0
U001194,2025-08-27T20:21:00,15,14,19,0,0
U001195,2025-07-16T17:58:00,1,11,26,0,0
U001196,2025-07-14T17:00:00,10,16,27,0,0
U001197,2025-06-17T13:10:00,2,14,12,0,0
U001198,2025-06-14T15:59:00,15,12,9,0,1
U001199,2025-08-11T11:55:00,9,10,12,0,0
U001200,2025-08-07T11:22:00,15,14,22,0,0
