user_id,date,steps,exercise_minutes,daylight_minutes,screen_time_min,meal_regularity_0_10
U000001,2025-10-11,,,,,
U000001,2025-10-12,,0.0,,,8.0
U000001,2025-10-13,0.0,,,,
U000001,2025-10-15,5326.0,8.0,41.0,,5.0
U000001,2025-10-18,,,,,
U000001,2025-10-19,1456.0,,,,7.0
U000002,2025-09-27,,,75.0,,4.0
U000002,2025-09-28,1542.0,,,,3.0
U000002,2025-09-29,,,15.0,,
U000002,2025-10-01,2247.0,,25.0,363.0,6.0
U000002,2025-10-02,4201.0,0.0,,,
U000002,2025-10-06,0.0,5.0,0.0,,
U000003,2025-09-29,,,,275.0,
U000003,2025-10-01,,2.0,7.0,,
U000003,2025-10-02,4642.0,9.0,,,
U000003,2025-10-05,11838.0,,,,
U000003,2025-10-08,9192.0,33.0,,281.0,
U000003,2025-10-09,5440.0,,66.0,344.0,
U000004,2025-10-07,3323.0,,21.0,396.0,3.0
U000004,2025-10-12,,0.0,6.0,,
U000004,2025-10-14,4295.0,,,428.0,
U000004,2025-10-15,,4.0,45.0,,1.0
U000004,2025-10-16,1184.0,22.0,,,7.0
U000004,2025-10-17,7821.0,3.0,,250.0,
U000005,2025-09-25,4863.0,,,,
U000005,2025-09-28,8114.0,,39.0,,
U000005,2025-09-29,,28.0,,,5.0
U000005,2025-09-30,0.0,0.0,,,
U000005,2025-10-01,,0.0,,314.0,5.0
U000005,2025-10-05,11041.0,,102.0,,
U000006,2025-10-02,,,59.0,,6.0
U000006,2025-10-03,3660.0,,43.0,,
U000006,2025-10-07,8410.0,,69.0,,6.0
U000006,2025-10-09,,65.0,,,
U000006,2025-10-10,5703.0,5.0,53.0,,
U000006,2025-10-12,,,69.0,,
U000007,2025-10-05,,,,,
U000007,2025-10-06,9210.0,0.0,0.0,,2.0
U000007,2025-10-07,,,,254.0,
U000007,2025-10-09,2272.0,0.0,,,
U000007,2025-10-11,,,,,
U000007,2025-10-14,4157.0,,,,4.0
U000008,2025-09-12,5925.0,18.0,,531.0,3.0
U000008,2025-09-13,2161.0,0.0,7.0,,
U000008,2025-09-16,2072.0,20.0,,632.0,
U000008,2025-09-18,9982.0,0.0,27.0,,8.0
U000008,2025-09-19,,,0.0,476.0,
U000008,2025-09-21,9255.0,,,,
U000009,2025-09-03,5128.0,1.0,33.0,,
U000009,2025-09-04,,0.0,11.0,,3.0
U000009,2025-09-09,,23.0,,,5.0
U000009,2025-09-10,1236.0,0.0,0.0,,
U000009,2025-09-13,2855.0,17.0,0.0,,
U000009,2025-09-14,4285.0,,,480.0,
U000010,2025-09-13,,0.0,,,7.0
U000010,2025-09-14,8437.0,,,,
U000010,2025-09-16,12859.0,,,,
U000010,2025-09-18,4751.0,4.0,,,4.0
U000010,2025-09-22,,,,,
U000010,2025-09-23,,0.0,,,
U000011,2025-09-14,3583.0,,59.0,,
U000011,2025-09-15,1692.0,,,,
U000011,2025-09-16,6631.0,,19.0,,
U000011,2025-09-17,,,25.0,,
U000011,2025-09-18,,,,,3.0
U000011,2025-09-22,6528.0,,22.0,,
U000012,2025-10-05,5197.0,,21.0,,
U000012,2025-10-08,4519.0,38.0,,595.0,
U000012,2025-10-09,6425.0,25.0,39.0,,
U000012,2025-10-11,10323.0,26.0,,496.0,
U000012,2025-10-12,,21.0,63.0,544.0,
U000012,2025-10-14,,,,,
U000013,2025-10-09,,,,281.0,
U000013,2025-10-10,,,,559.0,
U000013,2025-10-12,,,,666.0,
U000013,2025-10-15,2296.0,,,,7.0
U000013,2025-10-16,3102.0,2.0,,,
U000013,2025-10-18,714.0,,24.0,,
U000014,2025-09-03,,0.0,,,
U000014,2025-09-04,793.0,0.0,,,1.0
U000014,2025-09-05,,,0.0,561.0,1.0
U000014,2025-09-06,,16.0,,,
U000014,2025-09-10,,9.0,0.0,,
U000014,2025-09-12,6787.0,,,,7.0
U000015,2025-09-21,2186.0,,0.0,435.0,
U000015,2025-09-23,0.0,0.0,18.0,357.0,6.0
U000015,2025-09-24,3095.0,,,324.0,
U000015,2025-09-27,5447.0,15.0,,,
U000015,2025-09-29,4831.0,8.0,,,
U000015,2025-09-30,,,,,3.0
U000016,2025-10-05,3594.0,,,,
U000016,2025-10-06,3133.0,,70.0,,7.0
U000016,2025-10-07,,,,291.0,2.0
U000016,2025-10-09,5649.0,0.0,,,
U000016,2025-10-11,,,,,
U000016,2025-10-13,4158.0,,,,
U000017,2025-09-06,7081.0,11.0,,,3.0
U000017,2025-09-08,8935.0,,,,
U000017,2025-09-09,5051.0,57.0,,432.0,3.0
U000017,2025-09-10,,13.0,30.0,395.0,
U000017,2025-09-11,7836.0,,92.0,,
U000017,2025-09-16,,5.0,,,
U000018,2025-10-03,146.0,,,,
U000018,2025-10-05,,0.0,0.0,,
U000018,2025-10-07,,0.0,,404.0,
U000018,2025-10-10,,0.0,,,6.0
U000018,2025-10-11,,12.0,26.0,,
U000018,2025-10-13,418.0,,20.0,491.0,8.0
U000019,2025-09-05,5084.0,,,620.0,
U000019,2025-09-06,2616.0,0.0,,,
U000019,2025-09-09,1909.0,,78.0,,9.0
U000019,2025-09-10,,9.0,,,
U000019,2025-09-14,8901.0,1.0,,,1.0
U000019,2025-09-15,7170.0,0.0,,,
U000020,2025-09-19,0.0,25.0,,,
U000020,2025-09-22,5510.0,,,,8.0
U000020,2025-09-24,6896.0,56.0,90.0,406.0,
U000020,2025-09-26,0.0,8.0,2.0,,
U000020,2025-09-28,306.0,9.0,,,
U000020,2025-09-30,8791.0,7.0,,,5.0
U000021,2025-10-06,,,17.0,188.0,4.0
U000021,2025-10-07,146.0,0.0,0.0,550.0,
U000021,2025-10-08,,0.0,,,
U000021,2025-10-09,1643.0,0.0,,,
U000021,2025-10-11,9590.0,,0.0,,0.0
U000021,2025-10-14,0.0,,,,
U000022,2025-09-13,,,8.0,390.0,
U000022,2025-09-14,3887.0,4.0,37.0,523.0,
U000022,2025-09-15,,0.0,,204.0,
U000022,2025-09-16,3672.0,,15.0,,
U000022,2025-09-17,,10.0,30.0,,2.0
U000022,2025-09-24,8525.0,,,495.0,4.0
U000023,2025-09-14,3822.0,,0.0,,
U000023,2025-09-16,179.0,5.0,27.0,,
U000023,2025-09-17,0.0,12.0,40.0,,
U000023,2025-09-18,,2.0,12.0,,3.0
U000023,2025-09-21,,,0.0,,
U000023,2025-09-23,,,,,
U000024,2025-09-12,7268.0,28.0,38.0,323.0,
U000024,2025-09-13,3304.0,11.0,,,
U000024,2025-09-17,,0.0,,,8.0
U000024,2025-09-19,0.0,0.0,,318.0,
U000024,2025-09-20,5136.0,21.0,,,5.0
U000024,2025-09-23,,13.0,,,
U000025,2025-10-04,7518.0,,,,
U000025,2025-10-06,,,0.0,344.0,
U000025,2025-10-07,9681.0,54.0,,,
U000025,2025-10-08,,18.0,,,
U000025,2025-10-09,3610.0,56.0,31.0,,
U000025,2025-10-10,1761.0,,17.0,,
U000026,2025-09-11,4642.0,11.0,,539.0,
U000026,2025-09-15,5556.0,0.0,,180.0,
U000026,2025-09-17,,8.0,,,
U000026,2025-09-18,5918.0,20.0,33.0,537.0,6.0
U000026,2025-09-19,,,,,
U000026,2025-09-21,,10.0,0.0,,7.0
U000027,2025-10-11,2353.0,,,437.0,7.0
U000027,2025-10-12,,,,,7.0
U000027,2025-10-14,1231.0,,0.0,489.0,
U000027,2025-10-15,1050.0,,37.0,435.0,
U000027,2025-10-16,3590.0,0.0,0.0,,2.0
U000027,2025-10-21,0.0,0.0,,452.0,
U000028,2025-09-19,5037.0,,22.0,,
U000028,2025-09-22,3749.0,42.0,27.0,,5.0
U000028,2025-09-23,10367.0,45.0,,,
U000028,2025-09-26,7545.0,16.0,,493.0,6.0
U000028,2025-09-27,,11.0,46.0,,
U000028,2025-09-28,,,116.0,401.0,6.0
U000029,2025-09-23,3689.0,0.0,,474.0,4.0
U000029,2025-09-25,3409.0,,,696.0,
U000029,2025-09-26,8661.0,,,,
U000029,2025-09-27,638.0,,,,
U000029,2025-09-28,15324.0,21.0,57.0,520.0,
U000029,2025-09-30,4677.0,22.0,,,2.0
U000030,2025-09-21,,0.0,0.0,,
U000030,2025-09-25,2284.0,,27.0,,7.0
U000030,2025-09-26,1987.0,,34.0,,
U000030,2025-09-27,,11.0,,,
U000030,2025-09-28,,0.0,0.0,,
U000030,2025-10-02,5253.0,,38.0,,6.0
U000031,2025-09-24,,,,,
U000031,2025-09-26,1941.0,0.0,0.0,,
U000031,2025-09-27,3593.0,,,510.0,7.0
U000031,2025-09-28,5483.0,0.0,0.0,499.0,5.0
U000031,2025-10-01,5620.0,,49.0,,
U000031,2025-10-03,1365.0,0.0,0.0,365.0,
U000032,2025-09-25,3825.0,,,,
U000032,2025-09-28,,18.0,,,4.0
U000032,2025-09-29,571.0,,100.0,496.0,
U000032,2025-10-02,,0.0,,480.0,
U000032,2025-10-03,3388.0,,,216.0,
U000032,2025-10-04,,,66.0,,
U000033,2025-09-22,,,58.0,,
U000033,2025-09-24,3381.0,29.0,,,7.0
U000033,2025-09-28,3975.0,0.0,,,6.0
U000033,2025-09-29,4696.0,,,,
U000033,2025-09-30,9269.0,,,,5.0
U000033,2025-10-02,,28.0,,,
U000034,2025-10-10,6021.0,,1.0,,
U000034,2025-10-11,,,38.0,291.0,
U000034,2025-10-13,,20.0,109.0,350.0,
U000034,2025-10-14,4455.0,21.0,,457.0,
U000034,2025-10-16,5694.0,11.0,0.0,,
U000034,2025-10-18,12320.0,32.0,,278.0,6.0
U000035,2025-10-05,,0.0,14.0,,
U000035,2025-10-07,,,27.0,,
U000035,2025-10-09,,,39.0,,
U000035,2025-10-11,,,30.0,,6.0
U000035,2025-10-12,,0.0,,371.0,
U000035,2025-10-13,,11.0,,435.0,2.0
U000036,2025-10-02,2700.0,6.0,17.0,,5.0
U000036,2025-10-05,,,,,
U000036,2025-10-06,,0.0,0.0,,
U000036,2025-10-09,7048.0,,52.0,268.0,
U000036,2025-10-10,3615.0,,,,5.0
U000036,2025-10-12,,33.0,56.0,259.0,
U000037,2025-10-02,778.0,0.0,,,
U000037,2025-10-05,,14.0,43.0,530.0,
U000037,2025-10-06,4240.0,,42.0,,9.0
U000037,2025-10-07,,0.0,,,
U000037,2025-10-08,,10.0,5.0,,5.0
U000037,2025-10-10,,,,,
U000038,2025-09-28,11877.0,18.0,35.0,542.0,
U000038,2025-09-29,7060.0,,48.0,,
U000038,2025-09-30,2875.0,,86.0,,
U000038,2025-10-03,6007.0,32.0,,,
U000038,2025-10-05,4080.0,19.0,38.0,639.0,
U000038,2025-10-06,6040.0,,,,
U000039,2025-09-14,,18.0,15.0,,6.0
U000039,2025-09-18,,14.0,,,
U000039,2025-09-19,2414.0,0.0,0.0,,
U000039,2025-09-20,0.0,16.0,21.0,406.0,
U000039,2025-09-22,10567.0,,,,8.0
U000039,2025-09-25,,10.0,,,10.0
U000040,2025-10-10,,,,,4.0
U000040,2025-10-12,4430.0,14.0,82.0,,
U000040,2025-10-13,,9.0,,,
U000040,2025-10-17,,,16.0,,
U000040,2025-10-20,8277.0,6.0,,410.0,3.0
U000040,2025-10-21,10457.0,0.0,22.0,,
U000041,2025-09-20,,28.0,14.0,510.0,
U000041,2025-09-22,0.0,0.0,,,6.0
U000041,2025-09-23,,,0.0,,
U000041,2025-09-25,4769.0,0.0,,,
U000041,2025-09-26,5156.0,5.0,,,
U000041,2025-09-28,,7.0,7.0,,
U000042,2025-09-11,4913.0,0.0,,,
U000042,2025-09-13,4023.0,0.0,0.0,433.0,3.0
U000042,2025-09-16,,19.0,1.0,,
U000042,2025-09-17,6068.0,,,,
U000042,2025-09-19,9311.0,,49.0,,2.0
U000042,2025-09-20,4760.0,,,293.0,5.0
U000043,2025-10-04,5820.0,,39.0,,
U000043,2025-10-05,6180.0,37.0,46.0,,
U000043,2025-10-07,8831.0,,,,3.0
U000043,2025-10-13,6384.0,,54.0,363.0,
U000043,2025-10-14,6559.0,,,307.0,5.0
U000043,2025-10-15,7740.0,,10.0,,
U000044,2025-09-08,1710.0,,,,
U000044,2025-09-11,8372.0,14.0,38.0,244.0,
U000044,2025-09-13,4596.0,48.0,,,
U000044,2025-09-15,6073.0,30.0,,,6.0
U000044,2025-09-16,,,,,
U000044,2025-09-18,9341.0,,46.0,,10.0
U000045,2025-10-05,0.0,24.0,,399.0,
U000045,2025-10-09,,27.0,37.0,,
U000045,2025-10-10,4108.0,0.0,,500.0,
U000045,2025-10-12,3191.0,21.0,,,
U000045,2025-10-13,,,,299.0,
U000045,2025-10-15,7631.0,,68.0,,
U000046,2025-09-26,4257.0,0.0,,,
U000046,2025-09-30,3373.0,,9.0,,
U000046,2025-10-01,0.0,0.0,,,
U000046,2025-10-02,2102.0,,,368.0,
U000046,2025-10-05,,0.0,,,
U000046,2025-10-06,0.0,0.0,0.0,,
U000047,2025-09-05,720.0,,0.0,255.0,5.0
U000047,2025-09-09,10687.0,,15.0,473.0,
U000047,2025-09-11,1171.0,,,,
U000047,2025-09-13,,,,291.0,
U000047,2025-09-15,4608.0,0.0,,,4.0
U000047,2025-09-16,3068.0,,,353.0,
U000048,2025-09-03,,52.0,,,
U000048,2025-09-06,9008.0,,50.0,,
U000048,2025-09-08,6202.0,10.0,26.0,,6.0
U000048,2025-09-10,,,,,
U000048,2025-09-11,,52.0,11.0,,
U000048,2025-09-13,7323.0,27.0,,,
U000049,2025-09-21,7899.0,,,,5.0
U000049,2025-09-22,12190.0,17.0,54.0,310.0,
U000049,2025-09-23,8083.0,22.0,27.0,,6.0
U000049,2025-09-24,,,0.0,,
U000049,2025-09-27,,2.0,62.0,,
U000049,2025-09-29,,0.0,,,
U000050,2025-09-07,99.0,,,637.0,
U000050,2025-09-08,3723.0,,0.0,501.0,
U000050,2025-09-10,3176.0,13.0,0.0,,5.0
U000050,2025-09-11,,,,,
U000050,2025-09-12,0.0,0.0,0.0,,
U000050,2025-09-13,2189.0,0.0,0.0,,
U000051,2025-09-10,,34.0,,542.0,6.0
U000051,2025-09-11,5816.0,0.0,,,
U000051,2025-09-12,,31.0,108.0,,
U000051,2025-09-13,,0.0,,174.0,
U000051,2025-09-15,3903.0,,,,
U000051,2025-09-16,9131.0,,54.0,,
U000052,2025-09-22,,,41.0,,
U000052,2025-09-23,10664.0,14.0,79.0,,
U000052,2025-09-24,,37.0,,331.0,7.0
U000052,2025-09-27,,,,,
U000052,2025-09-29,,10.0,90.0,,
U000052,2025-10-02,4382.0,,,,
U000053,2025-10-11,,,36.0,,
U000053,2025-10-14,6151.0,50.0,,,
U000053,2025-10-15,1544.0,0.0,,,5.0
U000053,2025-10-16,8193.0,31.0,,489.0,7.0
U000053,2025-10-19,1534.0,,,,5.0
U000053,2025-10-20,3545.0,0.0,,,4.0
U000054,2025-09-21,7291.0,,8.0,,8.0
U000054,2025-09-23,7919.0,7.0,,,7.0
U000054,2025-09-26,,3.0,52.0,,
U000054,2025-09-27,,,5.0,374.0,
U000054,2025-09-29,,,,,
U000054,2025-09-30,,,26.0,,
U000055,2025-10-03,,,,,
U000055,2025-10-07,,0.0,,,
U000055,2025-10-11,2802.0,,65.0,,8.0
U000055,2025-10-12,3550.0,23.0,15.0,,
U000055,2025-10-13,,,,,5.0
U000055,2025-10-14,5338.0,,,331.0,
U000056,2025-10-08,,,0.0,,
U000056,2025-10-13,,,52.0,,
U000056,2025-10-14,9714.0,24.0,,,
U000056,2025-10-15,4311.0,41.0,0.0,,7.0
U000056,2025-10-16,6882.0,37.0,,,
U000056,2025-10-17,12883.0,,,341.0,
U000057,2025-10-04,,0.0,22.0,,
U000057,2025-10-07,9891.0,0.0,,,
U000057,2025-10-08,,,,,
U000057,2025-10-11,,,0.0,,
U000057,2025-10-12,7578.0,26.0,,,
U000057,2025-10-14,0.0,0.0,,,2.0
U000058,2025-09-29,,,11.0,699.0,
U000058,2025-09-30,,12.0,,359.0,
U000058,2025-10-01,7168.0,11.0,0.0,,
U000058,2025-10-04,,,,,
U000058,2025-10-05,,,38.0,,
U000058,2025-10-07,0.0,,,,
U000059,2025-09-18,3214.0,8.0,10.0,,
U000059,2025-09-19,5635.0,20.0,0.0,657.0,3.0
U000059,2025-09-20,,0.0,,,
U000059,2025-09-23,,0.0,19.0,,3.0
U000059,2025-09-26,3022.0,,0.0,,
U000059,2025-09-29,3059.0,0.0,,,
U000060,2025-09-21,1387.0,0.0,,513.0,2.0
U000060,2025-09-23,8907.0,,,,
U000060,2025-09-24,,0.0,6.0,,10.0
U000060,2025-09-26,6424.0,,,471.0,
U000060,2025-09-29,0.0,16.0,,,
U000060,2025-10-01,4675.0,0.0,41.0,348.0,
U000061,2025-09-13,,,,461.0,
U000061,2025-09-15,2077.0,,,,
U000061,2025-09-16,5309.0,18.0,56.0,,6.0
U000061,2025-09-18,6596.0,,15.0,,
U000061,2025-09-21,,,8.0,,
U000061,2025-09-22,8590.0,34.0,,281.0,5.0
U000062,2025-09-20,3725.0,0.0,,435.0,
U000062,2025-09-21,6315.0,0.0,,,
U000062,2025-09-23,3586.0,,16.0,537.0,
U000062,2025-09-25,0.0,11.0,,,
U000062,2025-09-26,,,,,
U000062,2025-10-01,7851.0,,,,
U000063,2025-09-21,,,0.0,,
U000063,2025-09-22,9782.0,31.0,,,8.0
U000063,2025-09-23,9798.0,34.0,35.0,,
U000063,2025-09-24,,8.0,,,4.0
U000063,2025-09-25,4080.0,50.0,54.0,,
U000063,2025-09-26,,,,436.0,7.0
U000064,2025-09-10,,16.0,7.0,581.0,
U000064,2025-09-11,3212.0,11.0,,428.0,
U000064,2025-09-12,,12.0,20.0,,8.0
U000064,2025-09-14,,,,,
U000064,2025-09-20,4634.0,,107.0,168.0,7.0
U000064,2025-09-21,,,,456.0,
U000065,2025-10-10,,0.0,,,3.0
U000065,2025-10-11,6063.0,,0.0,425.0,
U000065,2025-10-14,106.0,,,518.0,
U000065,2025-10-15,6661.0,0.0,,559.0,
U000065,2025-10-18,,,33.0,,
U000065,2025-10-19,0.0,9.0,,,5.0
U000066,2025-09-01,,37.0,60.0,,
U000066,2025-09-03,3144.0,45.0,,,8.0
U000066,2025-09-04,4551.0,0.0,,,
U000066,2025-09-05,2243.0,12.0,,415.0,
U000066,2025-09-06,,,,,
U000066,2025-09-12,7219.0,23.0,51.0,579.0,4.0
U000067,2025-09-05,4746.0,,,507.0,
U000067,2025-09-07,3788.0,38.0,,,
U000067,2025-09-10,7094.0,,,,
U000067,2025-09-11,1620.0,,,,
U000067,2025-09-14,6719.0,,0.0,423.0,
U000067,2025-09-15,5420.0,0.0,,,
U000068,2025-09-08,,,62.0,512.0,8.0
U000068,2025-09-11,,0.0,,,
U000068,2025-09-14,,14.0,,308.0,
U000068,2025-09-17,,,,299.0,6.0
U000068,2025-09-18,0.0,37.0,35.0,,7.0
U000068,2025-09-19,8734.0,15.0,,363.0,
U000069,2025-10-09,,,,,
U000069,2025-10-14,,31.0,,482.0,7.0
U000069,2025-10-15,3704.0,,53.0,,
U000069,2025-10-17,5441.0,,24.0,,
U000069,2025-10-18,6876.0,,,,
U000069,2025-10-20,,,66.0,,
U000070,2025-09-28,,,,,
U000070,2025-09-30,,51.0,31.0,,
U000070,2025-10-02,8356.0,,,466.0,6.0
U000070,2025-10-04,,,0.0,,
U000070,2025-10-08,6520.0,29.0,,476.0,6.0
U000070,2025-10-09,9629.0,,0.0,,
U000071,2025-10-08,,7.0,,,
U000071,2025-10-10,5591.0,24.0,,,
U000071,2025-10-12,,,23.0,,
U000071,2025-10-13,0.0,10.0,55.0,,
U000071,2025-10-15,0.0,0.0,19.0,,
U000071,2025-10-16,5725.0,0.0,,,
U000072,2025-09-09,1061.0,18.0,36.0,,
U000072,2025-09-12,0.0,,4.0,,
U000072,2025-09-13,2410.0,,61.0,424.0,
U000072,2025-09-14,4425.0,,,,3.0
U000072,2025-09-17,,,48.0,,
U000072,2025-09-20,1315.0,13.0,39.0,,
U000073,2025-09-29,6852.0,44.0,,,8.0
U000073,2025-09-30,,,,,4.0
U000073,2025-10-01,,7.0,,425.0,
U000073,2025-10-04,,0.0,,,
U000073,2025-10-05,,0.0,,,5.0
U000073,2025-10-08,3473.0,,59.0,,
U000074,2025-09-15,3576.0,16.0,0.0,,
U000074,2025-09-16,,,45.0,482.0,4.0
U000074,2025-09-18,3621.0,,,,
U000074,2025-09-19,,,,,
U000074,2025-09-24,3501.0,,22.0,,
U000074,2025-09-26,,4.0,,,
U000075,2025-09-20,,,16.0,,6.0
U000075,2025-09-23,,,,,
U000075,2025-09-24,1237.0,,,252.0,
U000075,2025-09-25,,,,,
U000075,2025-09-26,1407.0,8.0,35.0,352.0,
U000075,2025-09-27,,10.0,77.0,,1.0
U000076,2025-09-01,2238.0,0.0,0.0,,5.0
U000076,2025-09-04,1417.0,1.0,,474.0,
U000076,2025-09-06,2268.0,,,,
U000076,2025-09-07,,,18.0,,
U000076,2025-09-10,,0.0,,,4.0
U000076,2025-09-12,,,0.0,446.0,
U000077,2025-09-26,,5.0,10.0,,
U000077,2025-09-27,,31.0,,,
U000077,2025-09-29,7564.0,,74.0,,5.0
U000077,2025-10-01,5297.0,,2.0,621.0,6.0
U000077,2025-10-02,,37.0,,,4.0
U000077,2025-10-05,,0.0,,,3.0
U000078,2025-10-04,3893.0,4.0,72.0,,7.0
U000078,2025-10-06,4540.0,11.0,,,
U000078,2025-10-10,,25.0,,,
U000078,2025-10-13,,,33.0,,
U000078,2025-10-14,,14.0,104.0,,
U000078,2025-10-15,3147.0,,40.0,310.0,
U000079,2025-09-28,,0.0,,,
U000079,2025-09-30,2230.0,,,351.0,3.0
U000079,2025-10-01,,,35.0,221.0,
U000079,2025-10-02,0.0,14.0,,,
U000079,2025-10-03,,,,451.0,
U000079,2025-10-04,3758.0,,,586.0,
U000080,2025-09-08,,,,,
U000080,2025-09-09,1263.0,,,395.0,
U000080,2025-09-10,,0.0,0.0,,
U000080,2025-09-12,0.0,,0.0,,2.0
U000080,2025-09-16,,,,404.0,
U000080,2025-09-18,1919.0,0.0,14.0,375.0,
U000081,2025-09-25,,12.0,80.0,,1.0
U000081,2025-09-28,6523.0,17.0,32.0,,
U000081,2025-09-29,5953.0,,,,2.0
U000081,2025-10-01,,,,,
U000081,2025-10-02,10079.0,2.0,33.0,297.0,
U000081,2025-10-03,,10.0,,,
U000082,2025-09-13,2393.0,,,,
U000082,2025-09-14,9509.0,,41.0,,
U000082,2025-09-18,5167.0,12.0,26.0,,
U000082,2025-09-19,,0.0,,,9.0
U000082,2025-09-21,,14.0,,,
U000082,2025-09-22,4561.0,,0.0,198.0,
U000083,2025-10-09,,63.0,36.0,,
U000083,2025-10-10,11278.0,,40.0,531.0,
U000083,2025-10-11,10658.0,18.0,,,5.0
U000083,2025-10-14,9853.0,,,,
U000083,2025-10-18,,,,114.0,
U000083,2025-10-19,,19.0,,,4.0
U000084,2025-10-08,2725.0,0.0,26.0,,7.0
U000084,2025-10-10,,0.0,33.0,614.0,
U000084,2025-10-12,4306.0,,,376.0,
U000084,2025-10-15,,0.0,0.0,,
U000084,2025-10-16,,,13.0,,
U000084,2025-10-17,3287.0,0.0,,,
U000085,2025-09-08,6364.0,,0.0,548.0,
U000085,2025-09-09,4276.0,0.0,0.0,,
U000085,2025-09-11,5298.0,,47.0,,
U000085,2025-09-12,6575.0,0.0,,,6.0
U000085,2025-09-16,2004.0,0.0,22.0,,
U000085,2025-09-18,,,,,
U000086,2025-09-22,8636.0,0.0,,344.0,
U000086,2025-09-24,6019.0,,,,
U000086,2025-09-25,,0.0,16.0,,3.0
U000086,2025-09-27,5975.0,,95.0,381.0,
U000086,2025-09-28,,43.0,,,6.0
U000086,2025-09-30,,,,,
U000087,2025-10-09,,0.0,,,
U000087,2025-10-10,4688.0,,,,
U000087,2025-10-11,6199.0,0.0,,375.0,
U000087,2025-10-12,4986.0,,67.0,,
U000087,2025-10-14,,,,,4.0
U000087,2025-10-19,,,,,
U000088,2025-10-04,,,59.0,339.0,
U000088,2025-10-05,6760.0,,,,
U000088,2025-10-07,,,0.0,,
U000088,2025-10-11,4964.0,,14.0,,2.0
U000088,2025-10-14,,,48.0,,
U000088,2025-10-15,5460.0,,,,
U000089,2025-09-30,0.0,,0.0,381.0,
U000089,2025-10-01,3851.0,20.0,,,
U000089,2025-10-04,3389.0,8.0,,,
U000089,2025-10-05,2924.0,,,,
U000089,2025-10-07,1866.0,0.0,24.0,363.0,
U000089,2025-10-10,,0.0,,,
U000090,2025-09-26,,,34.0,,
U000090,2025-09-28,8240.0,,73.0,,8.0
U000090,2025-10-01,8457.0,57.0,37.0,,
U000090,2025-10-03,,,67.0,,5.0
U000090,2025-10-04,,,,,
U000090,2025-10-07,2613.0,,44.0,,
U000091,2025-09-04,1219.0,19.0,,,
U000091,2025-09-05,,2.0,1.0,480.0,
U000091,2025-09-07,,0.0,,,
U000091,2025-09-08,,0.0,,462.0,
U000091,2025-09-09,3331.0,,,,4.0
U000091,2025-09-10,5165.0,,18.0,,
U000092,2025-10-02,4830.0,,63.0,505.0,5.0
U000092,2025-10-04,5482.0,0.0,,,
U000092,2025-10-05,,,31.0,307.0,
U000092,2025-10-06,4303.0,21.0,,,
U000092,2025-10-07,10867.0,20.0,22.0,,3.0
U000092,2025-10-09,5921.0,,,,
U000093,2025-09-19,7740.0,,,,
U000093,2025-09-21,,58.0,,,3.0
U000093,2025-09-22,5274.0,,9.0,,
U000093,2025-09-24,0.0,,43.0,382.0,
U000093,2025-09-26,,,,478.0,
U000093,2025-09-29,7422.0,,,,
U000094,2025-09-04,,26.0,12.0,,
U000094,2025-09-06,5109.0,29.0,13.0,473.0,
U000094,2025-09-07,9301.0,,9.0,,
U000094,2025-09-10,452.0,,,,7.0
U000094,2025-09-13,11785.0,,46.0,,
U000094,2025-09-15,4043.0,27.0,,,5.0
U000095,2025-09-10,5814.0,,,342.0,
U000095,2025-09-12,5567.0,,0.0,,
U000095,2025-09-13,,,41.0,,
U000095,2025-09-14,1910.0,,,,
U000095,2025-09-15,1521.0,13.0,,,
U000095,2025-09-21,5588.0,0.0,27.0,,3.0
U000096,2025-09-22,4620.0,16.0,,,
U000096,2025-09-23,2620.0,27.0,40.0,578.0,
U000096,2025-09-25,4664.0,0.0,0.0,,
U000096,2025-09-28,,33.0,,,
U000096,2025-10-01,,,,,6.0
U000096,2025-10-02,,0.0,34.0,,
U000097,2025-09-30,,,,,6.0
U000097,2025-10-03,3605.0,0.0,0.0,,
U000097,2025-10-04,7797.0,,,,
U000097,2025-10-05,2873.0,,44.0,,
U000097,2025-10-06,485.0,4.0,37.0,,
U000097,2025-10-07,3757.0,7.0,,,7.0
U000098,2025-09-21,6067.0,,17.0,,
U000098,2025-09-22,14113.0,,27.0,,
U000098,2025-09-26,9911.0,,23.0,,6.0
U000098,2025-09-27,,,,,
U000098,2025-09-28,0.0,,20.0,,
U000098,2025-09-30,6377.0,,,473.0,
U000099,2025-09-25,,35.0,45.0,,
U000099,2025-09-29,6287.0,9.0,,,
U000099,2025-09-30,,,,151.0,
U000099,2025-10-01,6119.0,,,,
U000099,2025-10-02,,0.0,16.0,414.0,7.0
U000099,2025-10-03,6146.0,3.0,,,
U000100,2025-10-05,,0.0,,435.0,
U000100,2025-10-09,,,29.0,,5.0
U000100,2025-10-11,,0.0,32.0,,7.0
U000100,2025-10-12,8904.0,0.0,0.0,,
U000100,2025-10-14,,0.0,,,
U000100,2025-10-15,5585.0,,,660.0,
U000101,2025-09-28,,,0.0,534.0,
U000101,2025-09-29,,4.0,27.0,,6.0
U000101,2025-10-01,7776.0,14.0,64.0,420.0,4.0
U000101,2025-10-04,0.0,,0.0,297.0,
U000101,2025-10-05,,15.0,24.0,,
U000101,2025-10-09,4928.0,0.0,10.0,,8.0
U000102,2025-09-15,8844.0,16.0,,,
U000102,2025-09-19,,39.0,70.0,,
U000102,2025-09-20,,36.0,,,
U000102,2025-09-21,10237.0,58.0,,,
U000102,2025-09-22,,,,,8.0
U000102,2025-09-24,0.0,,83.0,,
U000103,2025-09-26,13628.0,14.0,41.0,,
U000103,2025-09-27,,9.0,,225.0,
U000103,2025-09-28,,,,,
U000103,2025-09-29,,,,,8.0
U000103,2025-10-01,3322.0,,,,6.0
U000103,2025-10-02,6153.0,0.0,,,9.0
U000104,2025-09-24,6571.0,,20.0,,8.0
U000104,2025-09-25,,8.0,,353.0,
U000104,2025-09-27,,44.0,70.0,361.0,7.0
U000104,2025-10-01,8635.0,,,158.0,
U000104,2025-10-02,6299.0,,0.0,,
U000104,2025-10-03,12092.0,23.0,0.0,,
U000105,2025-09-09,3754.0,,17.0,,
U000105,2025-09-11,,,,,
U000105,2025-09-12,,,54.0,377.0,5.0
U000105,2025-09-13,,12.0,32.0,,
U000105,2025-09-14,4748.0,25.0,,344.0,3.0
U000105,2025-09-16,6929.0,49.0,,,
U000106,2025-09-03,0.0,,42.0,,
U000106,2025-09-04,,,31.0,297.0,
U000106,2025-09-06,,,,,
U000106,2025-09-07,,,,,
U000106,2025-09-10,,,,,3.0
U000106,2025-09-14,,3.0,,,
U000107,2025-09-27,8670.0,,,,
U000107,2025-09-28,,0.0,,,
U000107,2025-09-29,0.0,0.0,14.0,,
U000107,2025-10-02,,,0.0,,
U000107,2025-10-06,4980.0,21.0,24.0,277.0,
U000107,2025-10-08,2631.0,16.0,56.0,,
U000108,2025-09-17,,0.0,0.0,,
U000108,2025-09-20,7949.0,0.0,,645.0,
U000108,2025-09-21,,,0.0,,
U000108,2025-09-23,0.0,0.0,,,
U000108,2025-09-24,6346.0,,0.0,,
U000108,2025-09-26,2820.0,,16.0,,2.0
U000109,2025-09-24,792.0,11.0,,503.0,
U000109,2025-09-27,874.0,,14.0,,
U000109,2025-09-29,4316.0,,,246.0,3.0
U000109,2025-10-01,,0.0,,,4.0
U000109,2025-10-03,,20.0,55.0,,
U000109,2025-10-04,,0.0,,456.0,
U000110,2025-09-15,,,112.0,,
U000110,2025-09-18,,,,,
U000110,2025-09-21,5219.0,,84.0,440.0,10.0
U000110,2025-09-22,1554.0,,58.0,,3.0
U000110,2025-09-23,,,,,
U000110,2025-09-24,9551.0,58.0,45.0,,5.0
